address,apn,ord_no,enacted,construction_date,historic_name
1802 C Street,002-0095-019,83-115,9/28/1983,late 1920’s,
1341 North C Street,001-0130-007,2011-011,2/15/2011,1948,Fire Station #14
1201-1217 C Street,"002-0081-002,003",82-046,6/15/1982,1919-1920,
1236 C Street,002-0082-004,82-046,6/15/1982,1927-1928,White Company-Trucks
1721 C Street,002-0095-021,82-046,6/15/1982,1925,Calpak Plant No. 11
1107 D Street,002-0075-020,82-029,4/27/1982,Unknown,
1120 D Street,002-0115-009,82-029,4/27/1982,c. 1890-1895,
1317 D Street,002-0084-008,3911,8/2/1977,c. 1870,
1320 D Street,002-0123-006,3911,8/2/1977,1893,
1331 D Street,002-0084-006,3911,8/2/1977,c. 1875-1880,
1404-1406 D Street,002-0125-005,3911,8/2/1977,Unknown,
1413-1415 D Street,002-0086-018,3911,8/2/1977,1891,
1503 D Street,002-0092-019,3911,8/2/1977,c. 1890-1895,
1530 D Street & 400 16th Street,002-0131-010,82-046,6/15/1982,1927,Reed and McKee Tires
2019 D Street,003-0075-018,3911,8/2/1977,1909,
2022 D Street,003-0125-008,3911,8/2/1977,1906-1907,
701 E Street,002-0105-015,82-029,4/27/1982,c. 1875,Anton Wagner Duplex
728-730 E Street,002-0102-007,82-029,4/27/1982,1913,
729-731 E Street,002-0105-010,82-029,4/27/1982,1911,The Glenwood
804 E Street,002-0104-027,82-029,4/27/1982,c. 1890-1895,
808 E Street,002-0104-026,82-029,4/27/1982,c. 1890-1895,
914 E Street,002-0112-006,3911,6/15/1982,1915,
1001 E Street & 427 10th Street,002-0113-018,82-046,6/15/1982,1868,
1100 E Street,002-0116-003,82-029,4/27/1982,1895,"Anton Wagner, Grocer"
1104-1106 E Street,002-0116-004,82-029,4/27/1982,c. 1910,
1212 E Street,002-0122-030,82-029,4/27/1982,c. 1896,
1214 E Street,002-0122-030,82-029,4/27/1982,1896,
1310-1312 E Street,002-0124-005,3911,8/2/1977,1893,
1315 E Street,002-0123-014,3911,8/2/1977,c. 1892-1895,
1317 E Street,002-0123-013,3911,8/2/1977,c. 1890,
1416 E Street,002-0126-003,3911,8/2/1977,c. 1885-1890,
1425 E Street,002-0125-021,3911,8/2/1977,1889,
1701 E Street,002-0135-006,3911,8/2/1977,c. 1890-1895,
1909-1911  E Street,003-0123-011,3911,8/2/1977,c. 1890,
1915 E Street,003-0123-010,3911,8/2/1977,c. 1890,
1917 E Street,003-0123-010,82-046,6/15/1982,1910,
2015 E Street,003-0125-019,3911,8/2/1977,1910,
2106 E Street,003-0132-005,3911,8/2/1977,c. 1910-1913,
2219 E Street,003-0133-018,3911,8/2/1977,c. 1910,
2625 E Street,003-0145-018,3911,8/2/1977,1895,
3021 E Street,003-0161-026,3911,8/2/1977,c. 1910-1915,
813 F Street,002-0104-017,82-029,4/27/1982,1897,
827 F Street,002-0104-014,82-029,4/27/1982,c. 1898,
829 F Street,002-0104-025,82-029,4/27/1982,c. 1898,
831 F Street,002-0104-025,82-029,4/27/1982,c. 1898,
925-927 F Street,007-0380-002,3991,8/2/1977,Pre-1885,
1010 F Street,002-0155-033,82-029,4/27/1982,c. 1857,
1020 F Street,002-0155-034,82-029,4/27/1982,c. 1865,
1024 F Street,002-0155-035,82-029,4/27/1982,c. 1869,
1029 F Street,002-0116-039,82-029,4/27/1982,c. 1853,J. Neely Johnson House
1105 F Street,002-0116-053,82-029,4/27/1982,c. 1902,
1107 F Street,002-0116-050,82-029,4/27/1982,Pre-1865,
1115 F Street,002-0116-049,82-029,4/27/1982,c. 1893,
1126 F Street,002-0157-006,82-029,4/27/1982,c. 1882,
1213-1215 F Street,002-0122-021,82-029,4/27/1982,c. 1910,
1221-1223 F Street,002-0122-019,82-029,4/27/1982,c. 1912,
1308 F Street,002-0163-006,3911,8/2/1977,c. 1890,
1310-1312 F Street,002-0163-007,3911,8/2/1977,c. 1885,
1311 F Street,002-0124-020,3911,8/2/1977,c. 1875,
1314 F Street,002-0163-008,3911,8/2/1977,c. 1890,
1322 F Street,002-0163-010,3911,8/2/1977,c. 1890,
1323 F Street,002-0124-017,3911,8/2/1977,1881,
1409 F Street,002-0126-016,3911,8/2/1977,c. 1900,
1418 F Street,002-0165-007,3911,8/2/1977,1892,
1424 F Street,002-0165-008,3911,8/2/1977,1894,
1426 F Street,002-0165-009,3911,8/2/1977,1895,
1428-1430 F Street,002-0165-010,3911,8/2/1977,c. 1895,
1508 F Street,002-0171-003,3911,8/2/1977,1893,
1511 F Street,002-0132-020,3911,8/2/1977,1895,
1630 F Street,002-0173-031,3911,8/2/1977,1896,
1700 F Street,002-0175-003,3911,8/2/1977,1898,
1706 F Street,002-0175-004,3911,8/2/1977,1898,
1710 F Street,002-0175-005,3911,8/2/1977,c. 1890,
1714 F Street,002-0175-007,3911,8/2/1977,c. 1885-1890,
1730 F Street,002-0175-011,82-046,6/15/1982,1922,Giachino Matranga-Groceries
1801 F Street,003-0122-022,3911,8/2/1977,1906,
1805 & 1807 F Street,003-0122-021,3911,8/2/1977,1911,
1811 F Street,003-0122-020,3911,8/2/1977,1913,
1815 F Street,003-0122-019,3911,8/2/1977,c. 1905-1910,
1818 F Street,003-0171-007,3911,8/2/1977,1887,
1824 F Street,003-0171-009,3911,8/2/1977,1885,
1830 F Street,003-0171-010,3911,8/2/1977,c. 1885,
1904 F Street,003-0173-004,3911,8/2/1977,c. 1898,
2019 F Street,003-0126-018,3911,8/2/1977,c. 1905-1910,
2100 F Street,003-0181-003,3911,8/2/1977,c. 1910-1911,
2111 F Street,003-0132-017,3911,8/2/1977,c. 1905,
2112 F Street,003-0181-004,3911,8/2/1977,c. 1905-1910,
2131 F Street,003-0132-014,3911,8/2/1977,1913,
2508 F Street,003-0193-025,3911,8/2/1977,1894,
2728 F Street,003-0201-009,3911,8/2/1977,c. 1895,
917 G Street,002-0151-030,82-029,4/27/1982,c. 1863,
925 G Street,002-0151-017,82-029,4/27/1982,1869,Van Voorhies House
1022 G Street,002-0154-008,82-029,4/27/1982,1910,
1106 G Street,002-0156-005,82-029,4/27/1982,1871,
1108 G Street,002-0156-006,82-029,4/27/1982,c. 1870-1873,
1112 G Street,002-0156-008,82-029,4/27/1982,1905,
1211-1215 G Street,002-0161-017,82-046,6/15/1982,1930,
1307 G Street,002-0163-023,3911,8/2/1977,c. 1905-1910,
1400 & 1408 G Street,002-0166-002,82-046,6/15/1982,1894-1895,W.J. Toland-Grocery
1509 G Street,002-0171-018,3911,8/2/1977,c. 1890,
1511 G Street,002-0171-017,3911,8/2/1977,c. 1905,
1723 G Street,002-0175-015,3911,8/2/1977,c. 1880,
1807 G Street,003-0171-019,3911,8/2/1977,c. 1895-1900,
1822 G Street,003-0172-008,3911,8/2/1977,1913,
1826 G Street,003-0172-009,3911,8/2/1977,1871,
2120 G Street,003-0182-005,3911,8/2/1977,c. 1912,
2331 G Street,003-0185-023,3911,8/2/1977,c. 1900,
2410 & 2414 G Street,003-0192-005,3911,8/2/1977,1894,
2418 G Street,003-0192-006,3911,8/2/1977,1894,
2431 G Street,003-0191-016,3911,8/2/1977,c. 1905-1910,
2001 G Street,003-0175-021,3911,8/2/1977,1915,
3018 G Street,003-0212-008,81-117,12/22/1981,1894-1895,
3024 G Street,003-0212-009,82-086,10/12/1982,c. 1923,
3025 G Street,003-0211-020,82-086,10/12/1982,1923,
3026 G Street,003-0212-009,82-086,10/12/1982,1923,
2531 G Street,003-0193-012,3911,8/2/1977,c. 1910-1915,
2620 G Street,003-0196-007,3911,8/2/1977,1896,
2628 G Street,003-0196-008,3911,8/2/1977,c. 1890,
1301-1303 H Street,002-0164-015,3911,Aug 2 1977,Pre-1896,
1307 H Street,002-0164-014,3911,8/2/1977,Pre-1865,
1021 H Street,002-0152-015,3911,8/2/1977,c. 1885,Latriada Apartments
1210 H Street,006-0051-003,2009-013,8/25/2009,c. 1910,
1232 H Street,006-0051-008,3911,8/2/1977,Unknown,
1300 H Street,006-0053-001,3911,8/2/1977,1894,
1530 H Street,006-0061-003,3911,8/2/1977,1898,Albert Gallatin Mansion (Governor’s
1828-1830 H Street,007-0011-010,3911,Aug 2 1977,1910,
1900 H Street,007-0013-002,3911,8/2/1977,1883,
1906 H Street,007-0013-003,3911,8/2/1977,c. 1880,
2001 H Street,003-0176-015,3911,8/2/1977,c. 1909,
2030 H Street,007-0015-007,82-046,6/15/1982,1908-1909,Boulevard Pharmacy
1616 H Street,006-0063-003,3911,8/2/1977,c. 1905-1910,
1717 H Street,002-0176-014,3911,8/2/1977,1900,
1826 H Street,007-0011-009,3911,8/2/1977,1910,
1827 H Street,003-0172-015,3911,8/2/1977,Pre-1875,
2101 H Street,003-0182-014,3911,8/2/1977,1909,
2106 H Street,007-0021-004,3911,8/2/1977,c. 1907-1910,
2115 H Street,003-0182-013,3911,8/2/1977,1909,
2119 H Street,003-0182-012,3911,8/2/1977,1909,
2120 H Street,007-0021-008,3911,8/2/1977,c. 1893,
2131 H Street,003-0182-017,3911,8/2/1977,1907,
2201 H Street,003-0184-019,3911,8/2/1977,c. 1905-1910,
2217-2219 H Street,003-0184-016,3911,8/2/1977,1912,
2222 H Street,007-0023-007,3911,8/2/1977,c. 1910-1915,
2230 H Street,007-0023-009,3911,8/2/1977,1896,
2308 H Street,007-0025-002,3911,8/2/1977,1878,
2312 H Street,007-0025-003,3911,8/2/1977,1881,
2330 H Street,007-0025-007,3911,8/2/1977,1893,
2404 H Street,007-0031-003,3911,8/2/1977,c. 1900,
2405 H Street,003-0192-020,3911,8/2/1977,c. 1900,
2409 H Street,003-0192-019,3911,8/2/1977,1895-1900,
2417 H Street,003-0192-017,3911,8/2/1977,c. 1900-1905,
2500 H Street,007-0033-003,3911,8/2/1977,1903,
2721 H Street,003-0202-007,3911,8/2/1977,c. 1910-1913,
2727 H Street,003-0202-005,3911,8/2/1977,1913,
2731 H Street,003-0202-004,3911,8/2/1977,1898,
2531 H Street,003-0194-018,3911,8/2/1977,c. 1910-1913,
2604 H Street,007-0035-004,3911,8/2/1977,c. 1915,
2611 H Street,003-0196-020,3911,8/2/1977,c. 1910,
2630 H Street,007-0035-010,3911,8/2/1977,Pre-1885,
801 I Street,006-0035-010,82-046,6/15/1982,1933,US Postal Service Metro Station
828 I Street,006-0036-037,83-115,9/28/1983,1918,Sacramento City Library
435 I Street,002-0010-042,82-046,6/15/1982,1925,REA Building
730 I Street,006-0034-019,2019-018,5/28/2019,1960,"Bank of America, Sacramento Branch"
1816-1818 I Street,007-0012-007,3911,8/2/1977,1908,
1905 I Street,007-0013-013,2007-058,8/2/1977,1920,
2001 I Street,007-0015-016,3911,8/2/1977,1880,
2011 I Street,007-0015-014,3911,8/2/1977,1900,
2100 I Street,007-0022-002,3911,8/2/1977,c. 1915,
2101-2103  I Street,007-0021-027,3911,8/2/1977,1898,
2111 I Street,007-0021-029,3911,8/2/1977,c. 1890,
2125 I Street,007-0021-024,3911,8/2/1977,c. 1894,
2213-2215 I Street,007-0023-018,3911,8/2/1977,c. 1913-1915,
2300 I Street,007-0026-004,3911,8/2/1977,c. 1906,
2404 I Street,007-0032-006,3911,8/2/1977,1900,
2405 I Street,007-0031-017,3911,8/2/1977,c. 1894,
2416 I Street,007-0032-009,3911,8/2/1977,1892-1897,
2417 I Street,007-0031-014,3911,8/2/1977,c. 1883,
2501 I Street,007-0033-021,3911,8/2/1977,c. 1900,
2505 I Street,007-0033-020,3911,8/2/1977,c. 1915,
2608-2610 I Street,007-0036-004,3911,8/2/1977,1886,
2400 I Street,007-0032-004,3911,8/2/1977,c. 1900,
2401 I Street,007-0031-018,3911,8/2/1977,1894,
2620-2626 I Street,007-0036-017,3911,8/2/1977,c. 1918-1920,
2625 I Street,007-0035-015,3911,8/2/1977,Unknown,Wilder Home
2630-2632 I Street,007-0036-018,3911,8/2/1977,c. 1900,
2828-2830 I Street,007-0044-010,3911,8/2/1977,c. 1912,
3020 I Street,007-0052-008,3911,8/2/1977,c. 1895,
428 J Street & 1010 5th Street,006-0087-043,82-046,6/15/1982,1914,Traveler’s Hotel
600 J Street & 1007 6th Street,006-0091-001,82-046,6/15/1982,1930,Ramona Hotel
629 & 631 J Street,006-0032-012,82-046,6/15/1982,1912,National Gold Bank of
700 J Street & 1007 7th Street,006-0094-003,82-046,6/15/1982,1915-1916,Capital National Bank
727 J Street,006-0034-009,82-046,6/15/1982,1860-1861,Sylvester Tryon Building
904 J Street,006-0101-004,82-046,6/15/1982,c. 1856,Gogings Drug Store
920 J Street,006-0101-011,82-046,6/15/1982,1871-1872,John Bellmer & Company
1123 & 1131 J Street,006-0047-009,82-046,6/15/1982,1920,Masonic Temple
1208-12081/2 J Street,006-0111-003,82-046,6/15/1982,1910-1911,Neva/Emigh Hardware
1230 J Street,006-0111-018,82-046,6/15/1982,1923,Public Market
1530 J Street,006-0121-008,82-046,6/15/1982,1922,W.I. Elliot Company
1624-1630 J Street,006-0123-006,82-046,6/15/1982,1910,Kost Building
1700 J Street,006-0125-001,82-046,6/15/1982,1926,R.H. Black Package Grocery Company
1800 J Street,007-0081-002,3911,8/2/1977,1873,
1910 J Street,007-0083-012,82-055,7/6/1982,1909,Western Pacific Railroad
2100 J Street,007-0091-001,82-046,6/15/1982,1925,1st United Methodist Church
2308 & 2310 J Street,007-0095-004,3911,8/2/1977,1909,
2406-2408 J Street,007-0101-002,3911,8/2/1977,c. 1895,
2610 J Street,007-0105-004,3911,8/2/1977,1896,
2626 J Street,007-0105-008,3911,8/2/1977,1898,
2627 J Street,007-0036-011,3911,8/2/1977,c. 1900,
2724 & 2728 & 2730 J Street,007-0111-020,82-046,6/15/1982,1922,Born Brother’s Groceries
700 K Street,006-0380-001,82-046,6/15/1982,1929,Pacific State Savings Bank
717 K Street,006-0096-022,82-046,6/15/1982,1904,Ochsner Building
818 K Street,006-0098-009,82-046,6/15/1982,1931,S.H. Kress and Company
1029-1031 K Street & 1020 11th Street,006-0103-010,82-046,6/15/1982,1910-1911,Mohr and Yoerk Realty Co.
1100 K Street,006-0106-002,82-046,6/15/1982,1912,PG&E Company
1130 K Street & 1111 12th Street,006-0106-004,82-046,6/15/1982,1923-1924,"Weinstock, Lubin, and Company"
1217 K Street,006-0111-017,82-055,7/6/1982,1940,Esquire Theater
1414 K Street,006-0116-002,82-046,6/15/1982,1924-1925,Pacific Telephone Inland
2131 K Street & 1026 22nd Street,007-0091-006,82-046,6/15/1982,1924-1925,J.F. Giovanetti Groceries
2231 K Street,007-0093-014,3911,8/2/1977,c. 1905-1910,
2305 K Street,007-0095-024,2014-0031,11/18/2014,c. 1884-1885,
2321 & 2323 K Street,007-0095-016,3911,8/2/1977,Unknown,
2326 K Street & 1114 24th Street,007-0096-006,3911,8/2/1977,c. 1890,
2428 K Street,007-0102-009,4221,5/5/1979,1891,
2430 K Street,007-0102-010,3911,8/2/1977,1890,
1121 L Street,006-0106-005,84-118,12/18/1984,1924,Senator Hotel
1531 L Street,006-0122-006,82-046,6/15/1982,1929,Firestone Store #7586
1700 L Street,006-0175-003,82-046,6/15/1982,1931,California State
1800 & 1802 L Street,007-0141-003,82-046,6/15/1982,1909-1910,Abraham Harris-Grocer
1804-1806 L Street,007-0141-004,3911,8/2/1977,1910-1915,
1928 L Street,007-0143-007,3911,8/2/1977,1890,Mercantile House
1931 L Street,007-0084-030,3911,8/2/1977,1900,
2215 L Street,007-0094-017,3911,8/2/1977,1896,
2230 L Street,007-0153-010,3911,8/2/1977,1905,
2301 L Street,007-0096-0125,3911,8/2/1977,1889,
2307 L Street,007-0096-015,3911,8/2/1977,c. 1900,
2101 L Street,007-0092-023,82-046,6/15/1982,1926,Redman’s Hall/
2109 L Street,007-0092-021,3911,8/2/1977,c. 1890,
2126 L Street,007-0151-008,3911,8/2/1977,c. 1895-1900,
2130 L Street,007-0151-009,3911,8/2/1977,1899,
2200 L Street,007-0153-003,3911,8/2/1977,1905,
2208 L Street,007-0153-005,82-046,6/15/1982,c. 1910,F.A. Lafferty-Auto Livery
2401 L Street & 1127 24th Street,007-0102-023,3911,8/2/1977,1904,
2431 L Street,007-0102-015,3911,8/2/1977,c. 1895,
2517-2519 L Street,007-0104-019,3911,8/2/1977,Unknown,
2527 L Street,007-0104-019,3911,8/2/1977,1895,
2700 L Street,007-0171-001,82-046,6/15/1982,1926,Pioneer Memorial Congregational Church
1228 N Street,006-0222-027,3911,8/2/1977,c. 1910-1915,
1700 N Street,006-0235-025,3911,8/2/1977,c. 1885,
1704 N Street,006-0235-003,3911,8/2/1977,1875,
1712 N Street,006-0235-005,3911,8/2/1977,c. 1877,
1724 N Street,006-0235-022,3911,8/2/1977,c. 1905-1910,
1800 N Street,007-0241-003,3911,8/2/1977,c. 1910,
1806 N Street,007-0241-004,3911,8/2/1977,Unknown,
1830 N Street,007-0241-010,3911,8/2/1977,1882,
1931 N Street,007-0144-009,3911,8/2/1977,Unknown,
2012 N Street,007-0245-007,3911,8/2/1977,c. 1895,
2016 N Street,007-0245-008,3911,8/2/1977,c. 1895,
2021 N Street,007-0146-015,3911,8/2/1977,c. 1911,
2115 N Street,007-0152-015,3911,8/2/1977,c. 1892,
2117 & 2119 N Street,007-0152-014,3911,8/2/1977,c. 1894,
2123 N Street,007-0152-013,3911,8/2/1977,1897,
2126-2128 N Street,007-0251-010,3911,8/2/1977,c. 1910-1915,
2130 N Street,007-0251-011,3911,8/2/1977,c. 1888,
2200 N Street,007-0253-001,3911,8/2/1977,1903,
2208 N Street,007-0253-003,3911,8/2/1977,c. 1905-1910,
2213 N Street,007-0154-016,3911,8/2/1977,1898,
2215 N Street,007-0154-015,3911,8/2/1977,c. 1900,
2217 N Street,007-0154-014,3911,8/2/1977,c. 1900,
2218 N Street,007-0253-005,3911,8/2/1977,c. 1900,
2228 N Street,007-0253-007,3911,8/2/1977,c. 1870,
2301 N Street,007-0156-021,3911,8/2/1977,c. 1912,
2326 N Street,007-0255-019,3911,8/2/1977,c. 1890,
2328 N Street,007-0255-019,3911,8/2/1977,c. 1890,
2400 N Street,007-0261-001,82-046,6/15/1982,1922,Fremont Elementary School
2417-2419 N Street,007-0162-013,3911,8/2/1977,c. 1900,
2501 N Street,007-0164-021,3911,8/2/1977,1905,
2504 N Street,007-0263-004,3911,8/2/1977,1910,
2526 N Street,007-0263-009,3911,8/2/1977,c. 1880,
2530 N Street,007-0263-010,3911,8/2/1977,1895-1900,
2531 N Street,007-0164-014,3911,8/2/1977,1895-1900,
806 O Street,006-0206-023,82-046,6/15/1982,Unknown,
1605 O Street,006-0233-019,3911,8/2/1977,1886,
1631 O Street,006-0233-013,3911,8/2/1977,1900,
1704 O Street,006-0236-004,3911,8/2/1977,1895,
1819 O Street,007-0241-016,3911,8/2/1977,1900,
2211 O Street,007-0253-016,3911,8/2/1977,c. 1890,
2215 O Street,007-0253-015,3911,8/2/1977,c. 1885-1890,
2219 O Street,007-0253-014,3911,8/2/1977,c. 1885-1890,
2300 O Street,007-0256-003,82-046,6/15/1982,1910-1911,James Pharmacy
2319 O Street,007-0255-013,3911,8/2/1977,1908,
2322 O Street,007-0256-009,3911,8/2/1977,1896,
2517 O Street,007-0263-017,3911,8/2/1977,c. 1880,
2530 O Street,007-0264-010,3911,8/2/1977,c. 1905,
3001 & 3003 O Street,007-0212-015,82-046,6/15/1982,1917,Rotas Brothers Groceries
1330 P Street,006-0284-010,3911,8/2/1977,c. 1895-1900,
1700 P Street,006-0295-003,3911,8/2/1977,c. 1879 1706,
1712 P Street,006-0295-005,3911,8/2/1977,c. 1879,
1728 P Street,006-0295-007,3911,8/2/1977,c. 1875-1882,
1730 P Street,006-0295-008,3911,8/2/1977,c. 1875-1882,
1800 P Street,007-0311-024,3911,8/2/1977,1894,
1806 P Street,007-0311-025,3911,8/2/1977,c. 1884,
1901 P Street,007-0244-018,3911,8/2/1977,1894,
1907 P Street,007-0244-017,3911,8/2/1977,1894,
1930 P Street,007-0313-008,3911,8/2/1977,Unknown,
2011 P Street,007-0246-009,4217,5/1/1979,1915,Kliensorge House
2021 P Street,007-0246-006,3911,8/2/1977,1902,
2110 & 2114 P Street,007-0321-017,82-055,7/6/1982,1925,"C.H. Chatterton,"
2425-2431 P Street,007-0262-011,3911,8/2/1977,c. 1915-1920,
2600 P Street,007-0335-003,3911,8/2/1977,1915,
2607 P Street,007-0266-017,3911,8/2/1977,1910,
2608 P Street,007-0335-005,3911,8/2/1977,1915,
2609 P Street,007-0266-016,3911,8/2/1977,1895,
2621 P Street,007-0266-014,3911,8/2/1977,1915,
2625 P Street,007-0266-013,3911,8/2/1977,1917,
1000 Q Street,006-0274-003,81-117,12/22/1981,Unknown,
1200 Q Street,006-0282-020,2019-053,12/12/2019,1938,Morgan Jones Mortuary
1206 Q Street,006-0282-004,3911,8/2/1977,c. 1885,
1226 Q Street,006-0282-012,3911,8/2/1977,c. 1895-1900,
1314 Q Street,006-0285-007,3911,8/2/1977,c. 1895,
1316 Q Street,006-0285-008,3911,8/2/1977,c. 1885-1890,
1318 Q Street,006-0285-009,3911,8/2/1977,c. 1885-1890,
1322 Q Street,006-0285-010,3911,8/2/1977,1888,
1329 & 1331 Q Street,006-0284-015,3911,8/2/1977,Unknown,
1504 Q Street,006-0292-002,3911,8/2/1977,Unknown,
1518 Q Street,006-0292-005,3911,8/2/1977,1910-1915,
1522 Q Street,006-0292-006,3911,8/2/1977,c. 1894,
1526 Q Street,006-0292-008,3911,8/2/1977,c. 1880,
1701 Q Street,006-0295-018,3911,8/2/1977,c. 1917,The Bidwell
1800 Q Street & 1707 18th Street,007-0312-003,82-046,6/15/1982,"1910-1911, 1926-1927",
1910 Q Street,007-0314-006,82-046,6/15/1982,1914-1915,California Expert Cleaners
2307 Q Street,007-0325-019,3911,8/2/1977,1895,
2515 Q Street,007-0333-019,3911,8/2/1977,1910,
2527 Q Street,007-0333-016,3911,8/2/1977,c. 1910,
2531 Q Street,007-0333-015,3911,8/2/1977,c. 1910,
412 S Street,009-0054-005,3911,8/2/1977,1911,
414 S Street,009-0054-006,3911,8/2/1977,1911,
506 S Street,009-0056-005,3911,8/2/1977,1910-1915,
723 S Street,009-0063-016,82-046,6/15/1982,1913,PG&E Offices
730 S Street,009-0064-002,82-046,6/15/1982,1924,Holy Angel Cathedral School
1022 S Street,009-0074-008,81-117,12/22/1981,c. 1908,
1730 S Street,009-0096-009,82-046,6/15/1982,1904-1907,
1409-1413 R Street,006-0287-017,82-046,6/15/1982,1913-1914,Perfection Bread Company
2513-2519 S Street,010-0044-006,2015-0012,5/12/2015,1949,
2812 S Street,010-0054-007,3911,8/2/1977,unknown,
324 T Street,009-0111-006,3911,8/2/1977,c. 1875,
419 T Street,009-0054-017,3911,8/2/1977,1905,
421-423 T Street,009-0054-016,3911,8/2/1977,c. 1905-1910,
425-427 T Street,009-0054-015,3911,8/2/1977,c. 1905,
430 T Street,009-0113-029,3911,8/2/1977,c. 1910-1915,Potter House
504 T Street,009-0115-004,3911,8/2/1977,1895-1900,
601 T Street,009-0062-021,82-046,6/15/1982,1912,Ms. Rebecca Baker-Fruit
800 T Street,009-0122-029,3911,8/2/1977,1905,
912 T Street,009-0131-008,3911,8/2/1977,c. 1895,
922-924 T Street,009-0131-011,3911,8/2/1977,c. 1890,
1102 T Street & 2013-2015 11th Street,009-0135-023,3911,8/2/1977,1902,
1130 T Street,009-0135-026,3911,8/2/1977,1905-1910,
1209 T Street,009-0082-022,2014-0027,30-Sep-14,1906,
1616 T Street,009-0153-005,3911,8/2/1977,1912,
1716 T Street,009-0155-007,3911,8/2/1977,c. 1907,
1814 T Street,010-0091-004,3911,8/2/1977,c. 1900,
1822 T Street,010-0091-006,3911,8/2/1977,c. 1895-1900,
1831 T Street,010-0022-014,3911,8/2/1977,c. 1895-1900,
2120 T Street,010-0101-0105,3911,8/2/1977,1909,
2200 T Street,010-0103-003,3911,8/2/1977,1910,
2620 T Street,010-0115-008,82-046,6/15/1982,1907-1908,Louis Huber-Retail Grocer
321 U Street,009-0111-014,3911,8/2/1977,c. 1890-1895,
519-521 U Street,009-0115-016,3911,8/2/1977,c. 1875,
909 U Street,009-0131-024,3911,8/2/1977,1908,
1117 U Street,009-0135-016,3911,8/2/1977,c. 1910-1915,
1504 U Street,009-0152-004,3911,8/2/1977,c. 1870,
1505 U Street,009-0151-016,3911,8/2/1977,c. 1880-1885,
1721 U Street,009-0155-017,3911,8/2/1977,c. 1895,
1731 U Street,009-0155-014,3911,8/2/1977,c. 1895,
2110 U Street & 2115 21st Street,010-0102-010,3911,8/2/1977,c. 1883,
2131 U Street,010-0101-021,3911,8/2/1977,c. 1910-1915,
2514 U Street,010-0114-006,3911,8/2/1977,c. 1915,
2523 U Street,010-0113-027,2015-0012,5/12/2015,1912,
317 V Street,009-0112-017,3911,8/2/1977,Unknown,
909 V Street & 915 V Street,009-0132-018,3911,8/2/1977,c. 1894,
1112-1114 V Street,009-0196-006,3911,8/2/1977,c. 1905-1910,
1120 V Street,009-0196-008,3911,8/2/1977,c. 1880,
2120 V Street,010-0166-028,3911,8/2/1977,1915,
2126-2128 V Street,010-0166-029,3911,8/2/1977,1915,
2507-2509 W Street,010-0173-018,2015-0012,5/12/2015,1892,
1801 2nd Street,009-0043-001,82-046,6/15/1982,1912,Thomson-Diggs Company
1800 3rd Street,009-0043-001,82-046,6/15/1982,1912,Thomson-Diggs Company
1000 & 1006 4th Street,006-0087-047,83-115,9/28/1983,1914,California Fruit Building
1906-1908 4th Street & 330 S Street,009-0052-031,82-046,6/15/1982,1898,
1922 4th Street,009-0052-016,3911,8/2/1977,Unknown,
2030 4th Street,009-0111-013,3911,8/2/1977,c. 1895-1900,
1007 6th Street & 600 J Street,006-0091-001,82-046,6/15/1982,1930,Ramona Hotel
2014 6th Street,009-0112-017,3911,8/2/1977,Unknown,
2104 6th Street,009-0116-026,3911,8/2/1977,c. 1885,
3552 7th Avenue,013-0341-083-0000,2012-037,9/4/2012,1963,Shiloh Baptist Church
1015 7th Street,006-0094-001,82-046,6/15/1982,1921,Merchants National Bank
1122-1126 & 1128 7th Street,006-009-1038,82-046,6/15/1982,1910-1911,Hotel Clayton
1909 7th Street,009-0064-001,82-046,6/15/1982,1920,Grace Day Center
523-525 7th Street,002-0102-018,82-029,4/27/1982,1850,
923 7th Street,006-0034-017,82-046,6/15/1982,c. 1857-1858,John Arnold and
400 8th Street,002-0105-002,82-029,4/27/1982,c. 1902-1903,
406 8th Street,002-0105-003,82-029,4/27/1982,c. 1902-1903,
510-512 8th Street,002-0102-022,82-029,4/27/1982,c. 1876-1881,
517 8th Street,002-0104-022,82-029,4/27/1982,1894,
1109 8th Street,006-098-026,82-046,6/15/1982,1887,Lucas Tamale Parlor
1117-1123 8th Street & 809 L Street,006-0098-021,82-046,6/15/1982,American Cash Apartments/ Bel Vue Apartments,
1715 8th ST,006-0175-021,3911,8/2/1977,c. 1870,
511 9th Street,002-0112-002,3911,8/2/1977,c. 1891-1900,
720 9th Street,002-0145-026,2018-049,11/27/2018,1964,Sacramento County Courthouse
1013 & 1015 9th Street,006-0101-001,82-046,6/15/1982,1878-1879,The People’s Acceptance Building
1017-1031 9th Street,006-0101-021,82-046,6/15/1982,1870,I.O.O.F Temple
1107 9th Street,006-0102-001,82-046,6/15/1982,1911,Forum Building
1125 9th Street,006-0102-016,82-046,6/15/1982,Unknown,
1127 & 1129 9th Street,006-0102-016,82-046,6/15/1982,1911,
2016 9th Street,009-0122-014,3911,8/2/1977,c. 1895-1900,
2019-2023 9th Street,009-0131-027,3911,8/2/1977,c. 1900-1905,
2128-2132 9th Street,009-0123-015,3911,8/2/1977,c. 1910-1915,
1129 & 1127 9th Street,006-0102-016,82-046,6/15/1982,1912,Seadler & Hoen
1131 9th Street,006-0102-016,82-046,6/15/1982,1912,
1220 9th Street,006-0155-012,82-046,6/15/1982,1930,
427 10th Street,002-0113-018,82-046,6/15/1982,1868,
508 10th Street,002-0112-011,82-029,4/27/1982,c. 1880-1885,
512-514 10th Street,002-0112-012,82-029,4/27/1982,Unknown,
516 10th Street,002-0112-013,3911,8/2/1977,Unknown,Wilder Home
530 10th Street,002-0112-016,82-077,9/21/1982,1901-1902,
601 10th Street,002-0155-032,82-029,4/27/1982,1905,
604 10th Street,002-0151-011,82-029,4/27/1982,Unknown,
608-610 10th Street,002-0151-012,82-029,4/27/1982,c. 1872,Kuchler Row
1010-1012 10th Street,006-0101-013,82-046,6/15/1982,1912-1913,Ms. Dora Werner-Hair Dresser
1011 10th Street,006-0103-020,82-046,6/15/1982,1938,American Trust Company
1016-1020 10th Street,006-0101-015,82-046,6/15/1982,1925,Hart Brothers Cafeteria
1017 10th Street,006-0103-021,82-046,6/15/1982,1911-1912,
1019-1021 10th Street,006-0103-021,82-046,6/15/1982,1909-1910,Sacramento Glass and Crockery Company
1400 10th Street,006-0211-002,82-046,6/15/1982,1932,California Fruit Exchange Company
1713-1715 10th Street,006-0274-001,82-046,6/15/1982,1911,M.D. Gillmore Meat Market/
1905 & 1907 10th Street,009-0074-003,3911,8/2/1977,1905,
1911 10th Street,009-0074-002,3911,8/2/1977,1907,
1913 10th Street,009-0074-005,3911,8/2/1977,1895,
2112-2114 10th Street,009-0132-012,3911,8/2/1977,1889,
2200 10th Street,009-0197-014,3911,8/2/1977,c. 1888,
405 11th Street,002-0115-004,82-029,4/27/1982,1896-1897,
409 11th Street,002-0115-003,82-029,4/27/1982,1896-1897,
411 11th Street,002-0115-002,82-029,4/27/1982,1896-1897,
415 11th Street,002-0115-001,82-029,4/27/1982,1896-1897,
511 11th Street,002-0116-002,82-029,4/27/1982,1890-1895,
517 11th Street,002-0116-048,82-029,4/27/1982,c. 1895,
614 11th Street,002-0155-039,82-029,4/27/1982,c. 1895,
719 11th Street,002-0156-019,3911,8/2/1977,c. 1870,
915 11th Street,006-0047-001,3911,8/2/1977,1878,
1017-1025 11th Street,006-0105-014,82-046,6/15/1982,1887,Cathedral of the Blessed Sacrament
1020 11th Street & 1029-1031 K Street,006-0103-010,82-046,6/15/1982,1910-1911,Mohr and Yoerk Realty Co.
1106 11th Street,006-0104-005,82-046,6/15/1982,1911-1912,Hotel Regis
1110 11th Street,006-0104-006,82-046,6/15/1982,1913-1914,Howe Apartments
1127-1131 11th Street,006-0106-006,82-046,6/15/1982,1928,Sacramento Medical Dental Building
1801 11th Street,009-0075-009,82-046,6/15/1982,1907-1908,B & G
1906 11th Street,009-0074-009,3911,8/2/1977,c. 1890,
1909-1911 11th Street,009-0076-002,3911,8/2/1977,c. 1900,
1910-1912 11th Street,009-0074-024,3911,8/2/1977,1895,
1914 11th Street,009-0074-025,3911,8/2/1977,c. 1890,
1930 11th Street,009-0074-014,3911,8/2/1977,1895-1900,
2000 11th Street,009-0133-009,3911,8/2/1977,c. 1900,
2004 11th Street,009-0133-010,3911,8/2/1977,c. 1900,
2013-2015 11th Street & 1102 T Street,009-0135-023,3911,8/2/1977,1902,
2006 11th Street,009-0133-011,3911,8/2/1977,c. 1900,
404-408 12th Street,002-0115-011,82-046,6/15/1982,c. 1910-1911,
517 12th Street,002-0122-025,82-046,6/15/1982,1896-1897,Central California
528-530 12th Street,002-0116-011,82-046,6/15/1982,1892-1893,Fred Mason-Shirt Store
619 12th Street,002-0161-020,82-029,4/27/1982,c. 1897,
710-714 12th Street,002-0156-012,82-046,6/15/1982,Unknown,
816 12th Street,006-0046-001,82-046,6/15/1982,1914,Jim Denny’s
1011-1013 12th Street,006-0111-001,82-046,6/15/1982,1923-1924,W.D. Fuller and Company
1711 12th Street,006-0282-002,3911,8/2/1977,c. 1895-1900,
2015 12th Street,009-0141-001,3911,8/2/1977,c.1895-1900,
2127 12th Street,009-0142-022,3911,8/2/1977,c. 1860,
220 13th Street,002-0081-022,3911,8/2/1977,Unknown,
401 13th Street,002-0123-004,3911,8/2/1977,c. 1890,
409 13th Street,002-0123-002,3911,8/2/1977,c. 1880-1890,
411 & 413 13th Street,002-0123-001,3911,8/2/1977,1894,
423 13th Street,002-0123-018,3911,8/2/1977,c. 1910-1915,
501 13th Street,002-0124-004,3911,8/2/1977,c. 1890-1895,
507 13th Street,002-0124-03,3911,8/2/1977,c. 1890-1895,
511 13th Street,002-0124-002,3911,8/2/1977,c. 1887,
611 13th Street,002-0163-002,3911,8/2/1977,c. 1895-1890,
615 13th Street,002-0163-001,3911,8/2/1977,Unknown,
817 13th Street,006-0053-020,3911,8/2/1977,c. 1891-1900,
1712 13th Street,006-0282-016,3911,8/2/1977,c. 1885-1890,
315 14th Street,002-0086-001,3911,8/2/1977,c. 1881,
317 14th Street,002-0086-024,3911,8/2/1977,c. 1890-1895,
319 14th Street,002-0086-023,3911,8/2/1977,c. 1890-1895,
321 14th Street,002-0086-022,3911,8/2/1977,c. 1890-1895,
424 14th Street,002-0123-011,3911,8/2/1977,c. 1890,
425-427 14th Street,002-0125-027,3911,8/2/1977,Unknown,
524 14th Street,002-0124-014,3911,8/2/1977,c. 1880-1885,
610 14th Street,002-0163-014,3911,8/2/1977,Unknown,
617 14th Street,002-0165-023,3911,8/2/1977,c. 1895,
1712 14th Street,006-0285-013,3911,8/2/1977,c. 1890,
1714 14th Street,006-0285-014,3911,8/2/1977,c. 1890,
316 & 318 15th Street,002-0086-013,3911,8/2/1977,c. 1885,
325 15th Street,002-0092-020,3911,8/2/1977,c. 1891,
414 15th Street,002-0125-016,3911,8/2/1977,1901,
509-511 15th Street,002-0132-002,3911,8/2/1977,c. 1897,
514 15th Street,002-0126-009,3911,8/2/1977,c. 1890,
515 15th Street,002-0132-001,3911,8/2/1977,c. 1890,
516 15th Street,002-0126-010,3911,8/2/1977,c. 1885,
519 15th Street,002-0132-024,3911,8/2/1977,c. 1900-1905,
522 15th Street,002-0126-011,3911,8/2/1977,c. 1875-1880,
612 15th Street,002-0165-011,3911,8/2/1977,Unknown,
629 15th Street,002-0171-019,3911,8/2/1977,1861,
1001-1005 15th Street,006-0121-018,3911,8/2/1977,1915,The Maydestone Apartments
1015 15th Street,006-0121-001,82-046,6/15/1982,1927-1928,A.C. Westerguard Auto Repair
1720 15th Street,006-0287-019,2002-031,10/3/2002,1917,Wonder Bread Bakery
2031 15th Street,009-0151-021,3911,8/2/1977,1912,
316-318 16th Street,002-0092-010,82-046,6/15/1982,1923,
614 16th Street,002-0171-009,82-046,6/15/1982,1926-1927,
1315 16th Street,006-0174-001,3911,8/2/1977,Unknown,
1617 16th Street,006-0293-024,3911,8/2/1977,Unknown,
1700-1706 16th Street,006-0292-009,3911,8/2/1977,1915,
1925 & 1926-1930 16th Street,009-0092-023,82-046,6/15/1982,1925-1926,
815 17th Street,006-0065-001,3911,8/2/1977,1910,
1411 17th Street,006-0235-026,3911,8/2/1977,c. 1902,
1511-1515 17th Street,006-0236-001,3911,8/2/1977,c. 1890,
1519 17th Street,006-0236-018,3911,8/2/1977,c. 1890,
1524-1528 17th Street,006-0234-027,3911,8/2/1977,c. 1905-1910,
505 18th Street,003-0122-003,3911,8/2/1977,1891,
509 18th Street,003-0122-002,3911,8/2/1977,Unknown,
617 18th Street,003-0171-022,3911,8/2/1977,1898,
621 18th Street,003-0171-021,3911,8/2/1977,c. 1895-1900,
712 18th Street,002-0176-011,3911,8/2/1977,c. 1900-1905,
714 18th Street,002-0176-012,3911,8/2/1977,c. 1900-1905,
818 18th Street,006-0065-010,3911,8/2/1977,c. 1905,
820 18th Street,006-0065-011,3911,8/2/1977,1905-1910,
1310 18th Street,006-0176-006,3911,8/2/1977,c. 1890,
1312 18th Street,006-0176-006,3911,8/2/1977,1890,
1315 18th Street,007-0142-001,3911,8/2/1977,1905-1910,
1320 18th Street,006-0176-008,3911,8/2/1977,c. 1900-1905,
1417 18th Street,007-0241-023,3911,8/2/1977,c. 1890,
1419 18th Street,007-0241-022,3911,8/2/1977,c. 1890,
1511 18th Street,007-0242-002,3911,8/2/1977,c. 1895,
1520 18th Street,006-0236-010,3911,8/2/1977,c. 1895,
1630 18th Street,006-0295-014,82-046,6/15/1982,c. 1895,
1707 18th Street & 1800 Q Street,007-0312-003,82-046,6/15/1982,"1910-1911, 1926-1927",
2017 18th Street,010-0091-021,3911,8/2/1977,c. 1902,
509 19th Street,003-0124-003,3911,8/2/1977,c. 1905-1910,
705-707 19th Street,003-0174-003,3911,8/2/1977,1904,
709-711 19th Street,003-0174-002,3911,8/2/1977,1904,
1215 19th Street,007-0143-001,83-115,9/28/1983,1893,
1219 19th Street,007-0143-016,3911,8/2/1977,1900-1905,
1312-1314 19th Street,007-0142-013,3911,8/2/1977,c. 1895-1900,
1316-1318 19th Street,007-0142-014,3911,8/2/1977,1900,
1320 19th Street,007-0142-015,3911,8/2/1977,c. 1875,
1510 19th Street,007-0242-012,3911,8/2/1977,c. 1890,
1512 19th Street,007-0242-013,3911,8/2/1977,c. 1890,
1514 19th Street,007-0242-014,3911,8/2/1977,c. 1890,
1809 19th Street,010-0023-014,3911,8/2/1977,c. 1890,
313 20th Street,003-0075-001,3911,8/2/1977,c. 1870-1880,
321 20th Street,003-0075-023,3911,8/2/1977,c. 1890,
601-605 20th Street,003-0175-003,3911,8/2/1977,1918,
923 20th Street,007-0016-016,82-046,6/15/1982,1926,Louis Hageman-Clothing Cleaners
1015 20th Street,007-0085-001,82-046,6/15/1982,1921-1922,Miller-Skelton Funeral Chapel
1320 20th Street,007-0144-008,3911,8/2/1977,1888,
1412 20th Street,007-0243-011,3911,8/2/1977,c. 1910,
1415 20th Street,007-0245-001,3911,8/2/1977,c. 1950,
1819 20th Street,010-0025-018,3911,8/2/1977,c. 1898,
1823 20th Street,010-0025-019,3911,8/2/1977,c. 1898,
401-403 21st Street,003-0131-004,3911,8/2/1977,Unknown,
415 21st Street,003-0131-001,3911,8/2/1977,1905-1910,
501 21st Street,003-0132-004,3911,8/2/1977,c. 1905-1910,
508-510 21st Street,003-0126-011,3911,8/2/1977,c. 1913,
531 21st Street,003-0132-019,3911,8/2/1977,c. 1905-1910,
608-610 21st Street,003-0175-012,3911,8/2/1977,1905-1910,
612 21st Street,003-0175-013,3911,8/2/1977,c. 1910-1915,
626 21st Street,003-0175-015,3911,8/2/1977,1905-1910,
715 21st Street,003-0182-001,3911,8/2/1977,1905-1910,
724 21st Street,003-0176-011,3911,8/2/1977,1905-1910,
725 21st Street,003-0182-015,3911,8/2/1977,1910-1913,
809-811 21st Street,007-0021-002,3911,8/2/1977,c. 1885-1890,
1903 21st Street,010-0032-003,3911,8/2/1977,c. 1898,
1916 21st Street,010-0026-012,3911,8/2/1977,1905-1910,
1922 21st Street,010-0026-014,3911,8/2/1977,c. 1905-1910,
1931 21st Street,010-0032-013,3911,8/2/1977,c. 1900,
2015 21st Street,010-0101-001,3911,8/2/1977,c. 1910-1915,
2019 21st Street,010-0101-019,3911,8/2/1977,c. 1899,
2115 21st Street & 2110 U Street,010-0102-010,3911,8/2/1977,c. 1883,
2116 21st Street,010-0094-025,3911,8/2/1977,c. 1914,J.C. Coffing House/Coronet Portraits
2121 21st Street,010-0102-009,3911,8/2/1977,Unknown,
2201-2205 21st Street,010-0166-027,3911,8/2/1977,Unknown,
2215 21st Street,010-0166-026,3911,8/2/1977,1903,
217 22nd Street,003-0083-016,3911,8/2/1977,1910-1913,
328 22nd Street,003-0082-015,3911,8/2/1977,1910-1915,
505 22nd Street,003-0134-003,3911,8/2/1977,1905-1910,
515 22nd Street,003-0134-001,3911,8/2/1977,1910-1913,
617 22nd Street,003-0183-023,3911,8/2/1977,1905-1910,
618 22nd Street,003-0181-009,3911,8/2/1977,c. 1913,
627 22nd Street,003-0183-021,3911,8/2/1977,1905-1910,
700 22nd Street,003-0182-006,3911,8/2/1977,c. 1910,
711 22nd Street,003-0184-001,3911,8/2/1977,1910,
717 22nd Street,003-0184-022,3911,8/2/1977,1910-1915,
817-819 22nd Street,007-0023-022,3911,8/2/1977,1910-1913,
1026 22nd Street & 2131 K Street,007-0091-006,82-046,6/15/1982,1924-1925,J.F. Giovanetti Groceries
1115 22nd Street,007-0094-001,3911,8/2/1977,1916,
1121 22nd Street,007-0094-021,3911,8/2/1977,c. 1901,
1212 22nd Street,007-0151-010,3911,8/2/1977,1900,
1214 22nd Street,007-0151-011,3911,8/2/1977,1899,
1311 22nd Street,007-0154-002,3911,8/2/1977,1913,
1320 22nd Street,007-0152-021,3911,8/2/1977,1895-1900,
1420 22nd Street,007-0251-014,3911,8/2/1977,1910,
1914 22nd Street,010-0032-009,3911,8/2/1977,c. 1912,
1931 22nd Street,010-0034-019,3911,8/2/1977,c. 1905-1910,
2014 22nd Street,010-0101-008,3911,8/2/1977,c. 1905-1910,
2022 22nd Street,010-0101-010,3911,8/2/1977,c. 1905-1911,
2100 22nd Street,010-0102-003,3911,8/2/1977,1911,
2101 22nd Street,010-0104-024,3911,8/2/1977,1900-1905,
2107 22nd Street,010-0104-002,3911,8/2/1977,c. 1895-1900,
2216 22nd Street,010-0166-031,3911,8/2/1977,c. 1911,
2217 22nd Street,010-0163-024,3911,8/2/1977,c. 1912,
2129 22nd Street,010-0104-020,3911,8/2/1977,c. 1900-1905,
2130 22nd Street,010-0102-006,3911,8/2/1977,1897,
2122 22nd Street,010-0102-005,3911,8/2/1977,c. 1900,
2123 22nd Street,010-0104-018,3911,8/2/1977,1900,
301 23rd Street,003-0086-004,3911,8/2/1977,1915,
324 23rd Street,003-0084-015,3911,8/2/1977,c. 1895,
621 23rd Street,003-0185-020,3911,8/2/1977,c. 1885,
625-629 23rd Street,003-0185-019,3911,8/2/1977,c. 1915,
1006 23rd Street & 2230 J Street,007-0093-009,3911,8/2/1977,c. 1900-1905,
1217 23rd Street,007-0155-018,3911,8/2/1977,c. 1905-1910,
1227 23rd Street,007-0155-017,3911,8/2/1977,1905-1910,
1314 23rd Street,007-0154-012,3911,8/2/1977,1900,
1321 23rd Street,007-0156-022,3911,8/2/1977,1894,
1418 23rd Street,007-0253-010,3911,8/2/1977,c.1885,
1613 23rd Street,007-0325-002,3911,8/2/1977,c.1889,
1929 23rd Street,010-0036-016,3911,8/2/1977,c. 1915,
2014 23rd Street,010-0103-010,3911,8/2/1977,1911,
2015 23rd Street,010-0105-001,3911,8/2/1977,c. 1915,
610 24th Street,003-0185-011,3911,8/2/1977,c. 1895,
1114 24th Street & 2326 K Street,007-0096-006,3911,8/2/1977,c. 1890,
1127 24th Street & 2401 L Street,007-0102-023,3911,8/2/1977,1904,
2791 24th Street,013-0041-001,2005-064,8/16/2005,1921,Sierra School/Sierra Community Center
1215 24th Street,007-0161-001,3911,8/2/1977,c. 1900-1905,
1412 24th Street,007-0255-009,3911,8/2/1977,1890,
1108 25th Street,007-0102-011,3911,8/2/1977,c. 1900,
1114 25th Street,007-0102-012,3911,8/2/1977,c. 1890-1895,
1116 25th Street,007-0102-013,3911,8/2/1977,1901,
1211 25th Street,007-0163-002,3911,8/2/1977,1893,
1316 25th Street,007-0162-009,3911,8/2/1977,1890,
1617 25th Street,007-0333-024,3911,8/2/1977,Unknown,
1619 25th Street,007-0333-023,3911,8/2/1977,1908,
723 26th Street,003-0196-022,3911,8/2/1977,c. 1889,
1017 26th Street,007-0105-022,3911,8/2/1977,c. 1903,
1019 26th Street,007-0105-021,3911,8/2/1977,c. 1906,
1414 26th Street,007-0263-011,2014-0029,30-Sep-14,1911,
1523 26th Street,007-0266-019,3911,8/2/1977,c. 1910,
1615 26th Street,007-0335-001,3911,8/2/1977,c. 1910,
1617 26th Street,007-0335-022,3911,8/2/1977,c. 1910,
1625 26th Street,007-0335-020,3911,8/2/1977,c. 1910,
1817 26th Street,010-0045-019,2001-025,4/24/2001,1909,Traxler House
1819-1821 26th Street,010-0045-018,2015-0012,5/12/2015,c. 1880s,
912-914 27th Street,007-0036-019,3911,8/2/1977,c. 1910-1915,
1008-1014 27th Street,007-0105-010,3911,8/2/1977,1910-1913,
1015 27th Street,007-0111-001,3911,8/2/1977,c. 1911,
1216 27th Street,007-0165-008,3911,8/2/1977,1911,
310 28th Street,003-0102-010,3911,8/2/1977,Unknown,
511 28th Street,003-0154-002,3911,8/2/1977,1915-1920,
901 28th Street,007-0044-004,3911,8/2/1977,1910,
903 28th Street,007-0044-003,3911,8/2/1977,1913,
1224 44th Street,008-0207-005,2014-0040,12/16/2014,1922,
800 Alhambra Boulevard,007-0051-006,82-046,6/15/1982,1935-1936,McKinley Park Gas Station
2417 Broadway,010-0231-015,82-046,6/15/1982,1928,Sterling Cleaners
1730 Broadway,009-0267-007,82-046,6/15/1982,1925,
2201 Broadway,010-0222-018,82-046,6/15/1982,1931-1932,Harrold Ellsworth Auto’s
1517 Broadway & 1525 Broadway,009-0261-009,82-046,6/15/1982,1927-1928,“Y” Street Service Station
1717 Capitol Avenue,006-0175-016,3911,8/2/1977,c. 1910,
1718 Capitol Avenue,006-0176-003,3911,8/2/1977,c. 1910,
1720 Capitol Avenue,006-0176-004,3911,8/2/1977,1893,
1725 Capitol Avenue,006-0175-021,3911,8/2/1977,c. 1870,
1730 Capitol Avenue,006-0176-005,3911,8/2/1977,c. 1870-1875,
1800-1802 Capitol Avenue,007-0142-002,82-046,6/15/1982,1929,
1801 Capitol Avenue,007-0141-020,82-046,6/15/1982,1929,
1806 Capitol Avenue,007-0142-004,82-046,6/15/1982,1914-1915,
1817 Capitol Avenue,007-0141-014,3911,8/2/1977,c. 1896,
1909 Capitol Avenue,007-0143-012,82-089,11/3/1982,c. 1905,
2015 Capitol Avenue,007-0145-009,82-046,6/15/1982,1924,
2117 Capitol Avenue,007-0151-017,3911,8/2/1977,1889,
2200 Capitol Avenue,007-0154-003,3911,8/2/1977,c. 1877,
2209 Capitol Avenue,007-0153-016,3911,8/2/1977,1901,
2210 Capitol Avenue,007-0154-005,3911,8/2/1977,1902,
2300 Capitol Avenue & 1301 23rd Street,007-0156-002,3911,8/2/1977,c. 1895,
2301 Capitol Avenue,007-0155-016,3911,8/2/1977,c. 1905-1910,
2305 Capitol Avenue,007-0155-015,3911,8/2/1977,1906,
2315 Capitol Avenue,007-0155-019,3911,8/2/1977,1906,
2320 Capitol Avenue,007-0156-007,3911,8/2/1977,1894,
2417 Capitol Avenue,007-0161-015,3911,8/2/1977,1898,
2500 Capitol Avenue,007-0164-003,3911,8/2/1977,c. 1880,
2514 Capitol Avenue,007-0164-006,3911,8/2/1977,1903,
2515 Capitol Avenue,007-0163-014,3911,8/2/1977,1911,
2526 Capitol Avenue,007-0164-009,3911,8/2/1977,1904,
2527 Capitol Avenue,007-0163-019,3911,8/2/1977,1894,
2530 Capitol Avenue,007-0164-010,3911,8/2/1977,c. 1905-1910,
2627-2629 Capitol Avenue,007-0165-011,3911,8/2/1977,c. 1905-1910,
2801 Capitol Avenue,007-0450-003,82-046,6/15/1982,1849/1922,
7041 Carnation Avenue,041-0066-007,2007-059,8/16/2007,1915,
700 Dos Rios Road,001-0082-001,2011-011,2/15/2011,1942,Dos Rios School/Smythe Academy
400 Jibboom Street,001-0190-004,2001-011,2/15/2011,1912,PG&E Sacramento River
2801 Franklin Boulevard,018-0104-001,2018-049,11/27/2018,1949,Gunther’s Ice Cream
4701 Freeport Boulevard,018-0104-001,2018-049,11/27/2018,1964,Senator Savings and Loan
3330 McKinley Boulevard,004-0221-001,2018-049,11/27/2018,1959,Iva Gard Shepard Garden & Arts Center
2672 Montgomery Way,013-0232-006,2018-0051,12/4/2018,1923,Barr-Wixson House
950 Richards Boulevard,001-0031-008,2011-011,2/15/2011,1951,Coffin-Reddington Drugs
1100 Richards Boulevard,001-0090-005,2011-011,2/15/2011,1948-1949,Zellerbach Paper Company
2750 Sutterville Road,019-0010-010-0000,2013-0030,11/19/2013,1925,Sacramento Children’s Home
1025 Alhambra Boulevard,007-0123-046,82-046,6/15/1982,1927,Alhambra Theater Fountain
5990 H Street,005-0241-001,2010-039,11/16/2010,July 1855,Bell & Cupola
1307 D Street,002-0084-010,3911,8/2/1977,Unknown,
1604 E Street,002-0136-005,3911,8/2/1977,c. 1910,
1126 F Street,002-0151-006,82-029,4/27/1982,c. 1882,
1224 F Street,002-0016-006,82-029,4/27/1982,c. 1885,
1419 F Street,002-0126-014,3911,8/2/1977,1883,
1423 F Street,002-0126-013,3911,8/2/1977,1883,
3027 H Street,003-0212-028,3911,8/2/1977,Unknown,
800 I Street,006-0036-002,82-046,6/15/1982,Unknown,
1927 I Street,007-0013-008,3911,8/2/1977,Unknown,
800 J Street,006-0097-002,82-046,6/15/1982,Unknown,
805 J Street,006-0032-020,82-046,6/15/1982,Unknown,
828-830 J Street,006-0097-014,82-046,6/15/1982,Unknown,
1329-1331 J Street,006-0054-025,82-046,6/15/1982,Unknown,
801-821 K Street,006-0097-001,82-046,6/15/1982,Unknown,
1106-1112 K Street,006-0106-009,82-046,6/15/1982,Unknown,
1700 K Street,006-0126-020,82-046,6/15/1982,Unknown,
2330 K Street,007-0096-006,82-046,6/15/1982,Unknown,
801 L Street,006-0098-027,82-046,6/15/1982,Unknown,
2310 L Street,007-0155-025,3911,8/2/1977,Unknown,
2525 L Street,007-0104-019,3911,8/2/1977,Unknown,
1814 N Street,007-0241-006,3911,8/2/1977,Unknown,
1020 O Street,006-0214-004,82-046,6/15/1982,Unknown,
1816 O Street,007-0242-017,3911,8/2/1977,Unknown,
1025 P Street,006-0214-005,82-046,6/15/1982,Unknown,
1814 Q Street,007-0312-006,3911,8/2/1977,Unknown,
1816 Q Street,007-0312-007,3911,8/2/1977,Unknown,
408 T Street,009-0113-016,3911,8/2/1977,Unknown,
1919 4th Street,009-0054-022,3911,8/2/1977,1890-1895,
2024 4th Street,009-0111-012,3911,8/2/1977,Unknown,
922 9th Street,006-0036-031,82-046,6/15/1982,Unknown,
2117 9th Street,009-0132-022,3911,8/2/1977,Unknown,
303 11th Street,002-0075-005,82-029,4/27/1982,Unknown,
305 11th Street,002-0075-004,82-029,4/27/1982,Unknown,
307 11th Street,002-0075-003,82-029,4/27/1982,Unknown,
317 11th Street,002-0075-023,82-029,4/27/1982,Unknown,
516-520 12th Street,002-0116-058,82-046,6/15/1982,Unknown,
230 13th Street,002-0081-009,3911,8/2/1977,Unknown,
1017 14th Street,006-0115-015,3911,8/2/1977,Unknown,Merrium Apartments
501 15th Street,002-0132-003,3911,8/2/1977,Unknown,
1621 16th Street,006-0293-028,3911,8/2/1977,Unknown,
816 20th Street,007-0013-008,3911,8/2/1977,Unknown,
1906 21st Street,010-0026-010,3911,8/2/1977,Unknown,
814 25th Street,007-0031-011,3911,8/2/1977,Unknown,
518 Alhambra Boulevard,003-0162-001,3911,8/2/1977,Unknown,
1813 Capitol Avenue,007-0141-015,3911,8/2/1977,Unknown,
3835 Freeport Boulevard,013-0010-013,82-029,4/27/1982,Unknown,
