OBJECTID,APN,HOUSE,STREET_NAME,STREET_TYPE,ASSESSMENT,RESOURCE_NAME,ORDINANCE,Shape__Area,Shape__Length
1,00701050080000,2626,J,ST,Landmark, ,3911,6515.209961,408.249102
2,00701420150000,1320,19TH,ST,Landmark, ,3911,3040.055664,232.5465627
3,00701520150000,2115,N,ST,Landmark, ,3911,3230.883789,267.4144903
4,00701540120000,1314,23RD,ST,Landmark, ,3911,3397.416992,246.4418665
5,00701560020000,1301,23RD,ST,Landmark, ,3911,3741.242188,264.9286973
6,00702450070000,2012,N,ST,Landmark, ,3911,4425.682617,376.2093591
7,00702530010000,2200,N,ST,Landmark, ,3911,6361.286133,401.2172462
8,00702550190000,2326,N,ST,Landmark, ,3911,2526.141602,243.6517759
9,00702630100000,2530,N,ST,Landmark, ,3911,3712.319336,262.0736992
10,00702630170000,2517,O,ST,Landmark, ,3911,6474.924805,403.7458734
11,00702640100000,2530,O,ST,Landmark, ,3911,3417.382813,245.6722741
12,00703110240000,1800,P,ST,Landmark, ,3911,4174.356445,295.8866977
13,00703530040000,1601,STOCKTON,BLVD,Landmark,"Libby, McNeil, and Libby Fruit & Vegetable Cannery",83-115,137143.2979,1887.901059
14,00900520180000,1930,4TH,ST,Landmark, ,3911,2903.321289,229.6795344
15,00900540150000,425,T,ST,Landmark, ,3911,4532.100586,272.5621318
16,00900620210000,601,T,ST,Landmark,Ms Rebecca Baker-Fruit & Confectionery,82-046,3473.584961,249.8898661
17,00900640010000,1909,7TH,ST,Landmark,Grace Day Center,82-046,26066.99902,646.0672965
18,00900740080000,1022,S,ST,Landmark, ,81-117,5622.302734,398.7239103
19,00900760020000,1909,11TH,ST,Landmark, ,3911,6226.109375,391.3054514
20,00900820220000,1209,T,ST,Landmark,,2014-0027,6307.613281,395.381153
21,00901150040000,504,T,ST,Landmark, ,3911,2912.658203,230.7115729
22,00901310110000,922,T,ST,Landmark, ,3911,3505.898438,255.2944793
23,00901310240000,909,U,ST,Landmark, ,3911,6272.329102,393.6168268
24,00901530050000,1616,T,ST,Landmark, ,3911,6589.859375,411.1787768
25,00901560080000,1724,U,ST,Landmark, ,,6579.563477,406.9379328
26,00901970140000,2200,10TH,ST,Landmark, ,3911,3454.428711,246.2343567
27,00902610090000,1525,BROADWAY,,Landmark,"Y"""" Street Service Station",82-046,12576.00684,470.5059951
28,00902670070000,1730,BROADWAY,,Landmark, ,82-046,5178.878906,296.3149227
29,00904200010000,0,, ,Landmark,Callahan Memorial (Southside Park),83-115,577641.8955,3045.508673
30,01000320130000,1931,21ST,ST,Landmark, ,3911,9123.411133,422.8586828
31,01000340190000,1931,22ND,ST,Landmark, ,3911,3085.257813,233.934579
32,01000510130000,1827,27TH,ST,Landmark,Tudor Revival Duplex.,2015-0012,3548.793945,246.3470012
34,01001010080000,2014,22ND,ST,Landmark, ,3911,2955.776367,230.0679365
35,01001020060000,2130,22ND,ST,Landmark, ,3911,12433.93945,475.7259916
36,01001020090000,2121,21ST,ST,Landmark, ,3911,9790.945313,404.7320482
37,01001040240000,2101,22ND,ST,Landmark, ,3911,6829.214844,347.7639262
38,01001050010000,2015,23RD,ST,Landmark, ,3911,4915.043945,283.0917783
39,01001050210000,2009,23RD,ST,Landmark, ,3911,8333.53125,367.8614069
40,01001660270000,2201,21ST,ST,Landmark, ,3911,13457.24414,486.4785713
41,01001760260000,2600,V,ST,Landmark,Newton Booth School,82-046,110459.5391,1309.712154
42,01002220180000,2201,BROADWAY,,Landmark,Harrold Ellsworth Auto's,82-046,51671.75977,964.3189332
43,01100430020000,4623,T,ST,Landmark,Elmhurst/Coloma Community Center,2009-039,132502.1758,1541.432834
44,01303410830000,3552,7TH,AVE,Landmark,Shiloh Baptist Church,2012-037,135366.1084,1659.731772
45,2.74005E+13,0, , ,Landmark,Jibboom St. Bridge/Cal Trans #24C-22,2011-011,3028351.983,8142.638902
46,00301320190000,531,21ST,ST,Landmark, ,3911,3103.363281,229.0565499
47,00301710220000,617,18TH,ST,Landmark, ,3911,3156.119141,238.6702548
48,00301750130000,612,21ST,ST,Landmark, ,3911,5442.038086,340.4750707
49,00301750150000,626,21ST,ST,Landmark, ,3911,5447.289063,317.4859483
50,00301810040000,2112,F,ST,Landmark, ,3911,5195.073242,308.3036044
51,00301820060000,700,22ND,ST,Landmark, ,3911,4813.950195,279.8704677
52,00301840020000,709,22ND,ST,Landmark, ,3911,4576.40625,307.6886576
53,00301910160000,2431,G,ST,Landmark, ,3911,3377.37207,244.4342055
54,00302020010000,2718,G,ST,Landmark,Marshal Elementary Building,82-046,52076.89648,969.5076465
55,00302110190000,3025,G,ST,Landmark,,82-086,94949.01953,1322.262475
56,00401110140000,3919,MCKINLEY,BLVD,Landmark,Theodore Judah elementary School,94-533,218232.248,1957.247088
57,00600340170000,923,7TH,ST,Landmark,John Arnold and Company Grocery,82-046,3445.614258,369.6572421
58,00600460010000,816,12TH,ST,Landmark,Jim Denny's,82-046,3750.110352,253.4436121
59,00600660010000,1700,I,ST,Landmark,I Street Market,82-046,9501.143555,435.0088708
60,00600870470000,1000,4TH,ST,Landmark,California Fruit Building,83-115,9613.271484,440.1670702
61,00600910010000,600,J,ST,Landmark,Ramona Hotel,82-046,9695.504883,443.1846825
62,00600910380000,1128,7TH,ST,Landmark,Hotel Clayton,82-046,11542.73438,447.8355439
63,00600940020000,1011,7TH,ST,Landmark,Pioneer House,82-046,3406.117188,310.7670148
64,00601010150000,1020,10TH,ST,Landmark,Hart Brothers Cafateria,82-046,4988.339844,285.4979529
65,00601030110000,1013,K,ST,Landmark,Empress Theater,82-046,26373.87598,649.6164613
66,00601110170000,1217,K,ST,Landmark,Esquire Theater,82-055,16936.05664,532.5915962
67,00601210080000,1530,J,ST,Landmark,W.I. Elliot Company,82-046,13211.65723,485.7998796
68,00601620010000,0,CAPITOL ,AVE ,Landmark,California State Capital,83-115,1568470.265,5578.199259
69,00601760080000,1320,18TH,ST,Landmark, ,3911,3709.402344,252.0218528
70,00602060230000,806,O,ST,Landmark, ,82-046,41015.26855,924.4992471
71,00200860130000,318,15TH,ST,Landmark, ,3911,5573.255859,299.5974332
72,00201150010000,415,11TH,ST,Landmark, ,,2017.518555,203.3039566
73,00201230130000,1317,E,ST,Landmark, ,3911,5788.59082,395.0371677
74,00201240170000,1323,F,ST,Landmark, ,3911,6530.657227,404.5631367
75,00201250050000,1404,D,ST,Landmark, ,3911,4269.141602,295.4960972
76,00201260030000,1416,E,ST,Landmark, ,3911,2186.111328,214.2447945
77,00201260090000,514,15TH,ST,Landmark, ,3911,2941.305664,235.3872194
78,00201260110000,522,15TH,ST,Landmark, ,3911,3279.53125,243.6191173
79,00201320020000,509,15TH,ST,Landmark, ,3911,3237.164063,240.8938077
80,00201320200000,1511,F,ST,Landmark, ,3911,6384.442383,402.4559426
81,00201510110000,604,10TH,ST,Landmark, ,82-029,3282.157227,245.3999248
82,00201540150000,1019,H,ST,Landmark,Latriada Aparments/ Julius Wetsler House,3911,16380.65137,526.6965586
83,00201560120000,710,12TH,ST,Landmark, ,82-046,6615.827148,325.9047047
84,00201630010000,615,13TH,ST,Landmark, ,3911,2598.720703,228.9746024
85,00201630070000,1310,F,ST,Landmark, ,3911,4737.160156,383.2659526
86,00201710090000,614,16TH,ST,Landmark, ,82-046,6379.674805,325.361699
87,00201760120000,714,18TH,ST,Landmark, ,3911,2361.960938,198.7321602
88,00300720280000,1802,C,ST,Landmark, ,83-115,37551.11133,774.473984
89,00300820150000,328,22ND,ST,Landmark, ,3911,2852.930664,221.5214908
90,00301240030000,509,19TH,ST,Landmark, ,3911,3334.946289,262.406095
91,00602360180000,1519,17TH,ST,Landmark, ,3911,3153.488281,236.3913676
92,00602740030000,1000,Q,ST,Landmark, ,81-117,2759.540039,222.155495
93,00602840230000,1621,13TH,ST,Landmark, ,3911,6382.491211,319.6161402
94,00602920020000,1504,Q,ST,Landmark, ,3911,6008.550781,386.0864072
95,00602950080000,1730,P,ST,Landmark, ,3911,4907.40625,283.2303851
96,00700130020000,1900,H,ST,Landmark, ,3911,4438.100586,289.4038257
97,00700150070000,2030,H,ST,Landmark,Boulevard Pharmacy,82-046,6745.813477,407.3591545
98,00700230070000,2222,H,ST,Landmark, ,3911,6415.397461,403.5127065
99,00700250020000,2308,H,ST,Landmark, ,3911,7099.271484,412.0307207
100,00700250090000,2329,I,ST,Landmark,J.H. Hogan-Grocer,82-046,3371.071289,245.379835
101,00700360170000,2620,I,ST,Landmark, ,3911,10474.42383,470.3976023
102,00700440030000,903,28TH,ST,Landmark, ,3911,2911.685547,226.3134075
103,00700440040000,901,28TH,ST,Landmark, ,3911,2908.726563,226.1596884
104,00701010020000,2408,J,ST,Landmark, ,3911,6530.236328,407.1586452
105,00701020130000,1116,25TH,ST,Landmark, ,3911,3556.487305,254.1707503
106,00701040170000,1112,26TH,ST,Landmark,"St Francis Church, Friary, and School",82-046,30896.51172,805.4905073
107,00701050210000,1019,26TH,ST,Landmark, ,3911,3199.837891,238.8804653
108,00701110010000,1015,27TH,ST,Landmark, ,3911,3122.544922,228.4884605
109,00701410030000,1802,L,ST,Landmark,Abraham Harris-Grocer,82-046,3374.874023,243.885528
110,00701410200000,1801,CAPITOL,AVE,Landmark, ,82-046,19653.48926,566.5386631
111,00701420010000,1315,18TH,ST,Landmark, ,3911,3324.619141,245.1871249
112,00701430120000,1909,CAPITOL,AV,Landmark, ,82-089,6368.635742,402.6858141
113,00701440100000,1927,N,ST,Landmark, ,3911,3233.141602,242.9147276
114,00701520140000,2119,N,ST,Landmark, ,3911,6371.478516,396.7899681
115,00701550160000,2301,CAPITOL,AVE,Landmark, ,3911,2723.552734,230.6027118
116,00701560220000,1321,23RD,ST,Landmark, ,3911,2760.819336,213.2468364
117,00701610060000,2412,L,ST,Landmark, ,3911,6426.415039,399.2605966
118,00701610150000,2417,CAPITOL,AVE,Landmark, ,3911,8176.779297,426.5355465
119,00701640030000,2500,CAPITOL,AVE,Landmark, ,3911,2668.394531,222.4024034
120,00701640090000,2526,CAPITOL,AVE,Landmark, ,3911,3057.353516,232.868942
121,00702420010000,1513,18TH,ST,Landmark, ,3911,3204.500977,241.4250984
122,00702450010000,1415,20TH,ST,Landmark, ,3911,2824.505859,233.1303291
123,00702610010000,2420,N,ST,Landmark,Freemont Elementary School,82-046,111803.8145,1338.049425
124,00702620110000,2425,P,ST,Landmark, ,3911,3622.607422,257.9831012
125,00702740270000,1501,28TH,ST,Landmark, ,82-055,9429.509766,398.2024262
126,00703330030000,2500,P,ST,Landmark,Model Market,82-046,2974.834961,235.9493148
127,00900740010000,1913,10TH,ST,Landmark, ,3911,4111.59375,260.2144383
128,00900760040000,1901,11TH,ST,Landmark, ,3911,3170.219727,235.3304975
129,00901410010000,2015,12TH,ST,Landmark, ,3911,6917.038086,333.0167245
130,00901550070000,1716,T,ST,Landmark, ,3911,6689.038086,412.5679907
131,00901560230000,2131,17TH,ST,Landmark, ,,3034.573242,232.6503127
132,01000260120000,1916,21ST,ST,Landmark, ,3911,3446.753906,253.1340715
133,01000320090000,1914,22ND,ST,Landmark, ,3911,3162.003906,235.404303
134,01001010100000,2022,22ND,ST,Landmark, ,3911,7548.607422,416.516272
135,01001010190000,2019,21ST,ST,Landmark, ,3911,26139.79785,646.7964014
136,01001020100000,2115,21ST,ST,Landmark, ,3911,21023.09375,651.4408014
137,01001030250000,2030,23RD,ST,Landmark, ,3911,19518.80176,563.7547586
138,01001660280000,2120,V,ST,Landmark, ,3911,13399.60938,492.4147309
139,01001730180000,2509,W,ST,Landmark,The UHL Family House,2015-0012,6340.613281,401.3468826
140,01002310150000,2417,BROADWAY,,Landmark,Sterling Cleaners,82-046,7441.316406,411.7128769
141,01300100140000,3835,FREEPORT ,BLVD ,Landmark,Sacramento Junior College ,96-009,1996185.65,8144.981894
142,01900100100000,2750,SUTTERVILLE,RD,Landmark,Sacramento Children's Home Administration Building,2013-0030,278623.0332,2274.088542
143,00301260180000,2019,F,ST,Landmark, ,3911,6506.515625,403.0513365
144,00301320040000,501,21ST,ST,Landmark, ,3911,2617.765625,214.9606807
145,00301330180000,2219,E,ST,Landmark, ,3911,6497.306641,403.2539569
146,00301340010000,515,22ND,ST,Landmark, ,3911,4402.18457,304.1743699
147,00301810090000,618,22ND,ST,Landmark, ,3911,4695.324219,293.0982069
148,00301820050000,2120,G,ST,Landmark, ,3911,6994.225586,339.5901355
149,00301830100000,600,23RD,ST,Landmark, ,3911,5005.645508,285.2323567
150,00301840190000,2201,H,ST,Landmark, ,3911,3412.308594,240.8287592
151,00301960220000,723,26TH,ST,Landmark, ,3911,2904.404297,225.8681899
152,00302010090000,2728,F,ST,Landmark, ,3911,3249.75293,243.1579356
153,00302020040000,2731,H,ST,Landmark, ,3911,3402.073242,247.0468772
154,00302020070000,2721,H,ST,Landmark, ,3911,6648.772461,404.2843546
155,00600310050000,813,6TH,ST,Landmark,Hall of Justice,83-115,17655.11621,541.3318665
156,00600550090000,819,14TH,ST,Landmark, ,3911,5107.726563,320.6974338
157,00600650010000,815,17TH,ST,Landmark, ,3911,3840.392578,253.8909658
158,00601010010000,1013,9TH,ST,Landmark,The People's Acceptance Building,82-046,3275.375977,236.2948922
159,00601020200000,1107,9TH,ST,Landmark,Forum Building,82-046,16157.99316,520.8335043
160,00601060020000,1100,K,ST,Landmark,PG&E Company,82-046,4322.796875,268.9956704
161,00601260220000,1701,L,ST,Landmark,St Johns Lutheran Church,82-046,39117.85059,805.6939142
162,00601750030000,1700,L,ST,Landmark,California State automobile Assoc.,82-046,3034.788086,235.0319009
163,00601760060000,1310,18TH,ST,Landmark, ,3911,6402.779297,320.1238152
164,00602350250000,1700,N,ST,Landmark, ,3911,2168.285156,187.5656556
165,00100310080000,950,RICHARDS,BLVD,Landmark,Sacramento Theatrical Lighting,2011-011,137729.918,1491.622132
166,00200100210000,0, , ,Protected,I ST Bridge/Cal Trans Bridge #24-C,2001-27,11075.08105,634.6356912
167,00200750260000,1123,D,ST,Landmark,Maria Hastings Building,82-029,13493.7041,566.9218324
168,00200840120000,317,13TH,ST,Landmark, ,3911,3164.682617,237.1596622
169,00201040250000,831,F,ST,Landmark, ,82-029,2226.449219,188.8529515
170,00201040270000,804,E,ST,Landmark, ,82-029,3444.538086,259.2253635
171,00201120010000,515,9TH,ST,Landmark, ,82-029,3220.380859,244.722303
172,00201120050000,912,E,ST,Landmark, ,82-029,6504.06543,400.3213651
173,00201120110000,508,10TH,ST,Landmark, ,82-029,7402.263672,418.518177
174,00201160390000,1029,F,ST,Landmark,J. Neely Johnson House,82-029,8986.720703,434.6461107
175,00201160530000,1105,F,ST,Landmark, ,82-029,7078.864258,365.8216892
176,00201220190000,1221,F,ST,Landmark, ,82-029,6546.84082,404.9768209
177,00201240030000,507,13TH,ST,Landmark, ,3911,3123.920898,237.225239
178,00201240200000,1311,F,ST,Landmark, ,3911,6328.701172,402.1259483
179,00201310070000,1516,D,ST,Landmark, ,3911,6317.06543,397.4530728
180,00201350060000,1701,E,ST,Landmark, ,3911,4940.62793,327.0314863
181,00201560050000,1106,G,ST,Landmark, ,82-029,2278.643555,224.4763765
182,00201610170000,1215,G,ST,Landmark, ,82-046,5064.410156,288.202147
183,00201610200000,621,12TH,ST,Landmark, ,3911,12334.33301,475.1012474
184,00201630240000,1301,G,ST,Landmark, ,3911,4274.511719,285.1013622
185,00201710030000,1508,F,ST,Landmark, ,3911,7243.44043,416.9001959
186,00201750030000,1700,F,ST,Landmark, ,3911,3270.237305,243.4329294
187,00201760010000,715,17TH,ST,Landmark, ,3911,3932.506836,278.7136771
188,00300750010000,313,20TH,ST,Landmark, ,3911,3286.448242,243.8174392
189,00300750180000,2019,D,ST,Landmark, ,3911,6409.168945,401.9284493
190,00301020100000,310,28TH,ST,Landmark, ,3911,3278.930664,241.8649014
191,00301220210000,1805,F,ST,Landmark, ,3911,3276.211914,243.710543
192,00301240210000,517,19TH,ST,Landmark, ,3911,3369.227539,263.3973815
193,00301250190000,2015,E,ST,Landmark, ,3911,6406.513672,402.2575007
194,00602820040000,1206,Q,ST,Landmark, ,3911,4016.34375,345.6911415
195,00602850100000,1322,Q,ST,Landmark, ,3911,3831.227539,368.073546
196,00602950070000,1728,P,ST,Landmark, ,3911,7271.488281,410.0619075
197,00700130030000,1906,H,ST,Landmark, ,3911,3430.385742,269.3498468
198,00700140110000,1925,J,ST,Landmark, ,3911,3215.863281,240.7928245
199,00700150160000,2001,I,ST,Landmark, ,3911,4111.445313,282.5582985
200,00700320090000,2416,I,ST,Landmark, ,3911,6212.165039,393.3678649
201,00700360060000,2614,I,ST,Landmark, ,3911,9394.639648,433.9277961
202,00700830120000,1910,J,ST,Landmark,Western Pacific Railroad Passenger Station,82-055,36639.59082,1064.307023
203,00700930140000,2231,K,ST,Landmark, ,3911,2787.473633,226.9201493
204,00700940210000,1121,22ND,ST,Landmark, ,3911,3232.272461,241.6380548
205,00700950160000,2321,K,ST,Landmark, ,3911,6495.651367,400.5537115
206,00700950240000,2305,K,ST,Landmark,Croasman/Nigro-Shaffer House,2014-0032,6507.256836,322.9818766
207,00701040180000,1112,26TH,ST,Landmark,"St Francis Church, Friary, and School",82-046,6171.49707,314.3396674
208,00701430070000,1928,L,ST,Landmark,Merchantile House,3911,12643.21094,477.9962438
209,00701460150000,2021,N,ST,Landmark, ,3911,12760.34277,477.7722127
210,00701510090000,2130,L,ST,Landmark, ,3911,3015.666016,234.8976967
211,00701530030000,2200,L,ST,Landmark, ,3911,3619.348633,249.578141
212,00701550180000,1217,23RD,ST,Landmark, ,3911,3077.491211,230.6496127
213,00702510100000,2128,N,ST,Landmark, ,3911,6484.413086,402.5363917
214,00702530140000,2219,O,ST,Landmark, ,3911,6519.614258,405.9827588
215,00702530150000,2215,O,ST,Landmark, ,3911,6521.12207,406.0562857
216,00702550130000,2319,O,ST,Landmark, ,3911,6504.695313,405.2514068
217,00702630090000,2526,N,ST,Landmark, ,3911,3580.504883,259.0261898
218,00702650090000,1400,27TH,ST,Landmark,Young Ladies Institute Association,82-046,3501.742188,251.5671099
219,00703110250000,1806,P,ST,Landmark, ,3911,4502.236328,302.4989032
220,00703120030000,1707,18TH,ST,Landmark, ,82-046,2910.129883,230.7413222
221,00703350200000,1625,26TH,ST,Landmark, ,3911,3113.645508,235.6829216
222,00804020270000,3720,FOLSOM,BLVD,Landmark,"Sacramento Fire Department House, Chemical Co #4",2002-017,10707.93555,418.6270255
223,00900540060000,414,S,ST,Landmark, ,3911,3212.178711,371.8292623
224,00900740130000,1926,11TH,ST,Landmark, ,3911,3401.163086,250.0588765
225,00900740250000,1914,11TH,ST,Landmark, ,3911,4585.485352,288.3156896
226,00900760030000,1903,11TH,ST,Landmark, ,3911,3064.615234,232.43353
227,00901110230000,321,U,ST,Landmark, ,3911,3225.43457,241.5086057
228,00901220140000,2016,9TH,ST,Landmark, ,3911,3369.916992,250.3981598
229,00901220290000,800,T,ST,Landmark, ,3911,3545.477539,258.1015659
230,00901310310000,2016,10TH,ST,Landmark, ,3911,3363.395508,248.7435236
231,00902620050000,1518,BROADWAY,,Landmark,Tower Theater,82-055,3949.508789,277.7285064
232,01000220070000,1818,S,ST,Landmark, ,,6549.964844,407.3808925
233,01000250050000,1822,21ST,ST,Landmark, ,3911,2860.603516,231.7001866
234,01000450170000,2601,S,ST,Landmark, ,3911,2922.101563,229.2418774
235,01000450180000,1819,26TH,ST,Landmark,1880s Queen Anne Two Flat.,2015-0012,3082.408203,234.0841046
236,01000450190000,1817,26TH,ST,Landmark,Traxler House,2015-0012,3214.685547,237.6435592
237,01000910040000,1814,T,ST,Landmark, ,3911,6750.75293,413.4510155
238,01000910210000,2017,18TH,ST,Landmark, ,3911,3381.354492,246.8462562
239,01001030100000,2014,23RD,ST,Landmark, ,3911,7334.086914,364.8266852
240,01001040020000,2107,22ND,ST,Landmark, ,3911,8478,427.2500367
241,01001110120000,2014,25TH,ST,Landmark, ,3911,3588.394531,254.772007
242,01001130170000,2523,U,ST,Landmark,The Thomas/Boyles/Zylstra House.,2015-0012,5191.022461,400.452269
243,01001550230000,2214,21ST,ST,Landmark, ,3911,17317.91797,633.6513653
244,01101010100000,0,39TH,ST,Protected,,,7520.332031,350.4337798
245,01300410010000,2791,24TH,ST,Landmark,,2005-064,250121.7822,2031.823695
246,01302320020000,2640,MONTGOMERY,WAY,Landmark,Fallon/Kimberlin House,2018-0051,6777.431641,337.7695596
247,2.25062E+13,1911,BANNON,ST,Landmark,Azevedo/Fargo-Moll House,2013-0029,14118.89746,465.8523636
248,00301320170000,2111,F,ST,Landmark, ,3911,6603.141602,404.0939364
249,00301450180000,2625,E,ST,Landmark, ,3911,6624.803711,404.5904147
250,00301730140000,1905,G,ST,Landmark, ,3911,3129.779297,236.0215015
251,00301750030000,601,20TH,ST,Landmark, ,3911,3438.212891,246.9537917
252,00301760150000,2001,H,ST,Landmark, ,3911,6094.701172,323.1564128
253,00301760190000,2015,H,ST,Landmark, ,3911,10460.31641,409.1138433
254,00301820150000,725,21ST,ST,Landmark, ,3911,4114.766602,284.6308889
255,00301820170000,2131,H,ST,Landmark, ,3911,11103.55273,422.2888052
256,00301840010000,711,22ND,ST,Landmark, ,3911,4437.740234,305.406684
257,00301850110000,610,24TH,ST,Landmark, ,3911,3163.544922,237.7964866
258,00301930250000,2508,F,ST,Landmark, ,3911,6695.204102,411.6270121
259,00502410110000,5990,H,ST,Landmark,Young America Engine Company Cupola & Bell,2010-039,340067.6475,3705.16394
260,00600320120000,629,J,ST,Landmark,National Gold Bank of D.O. Mills and Co,82-046,12779.26855,481.2319492
261,00600520040000,1200,I,ST,Landmark,BF Goodrich Tire Center,82-046,6154.352539,392.1980222
262,00600970120000,831,K,ST,Landmark,Hale Brothers and Company,82-046,19026.66016,558.52901
263,00600980250000,818,K,ST,Landmark,S.H. Kress and Company,82-046,8975.641602,429.9963294
264,00601010130000,1010,10TH,ST,Landmark, ,,3146.442383,240.4516974
265,00601030200000,1011,10TH,ST,Landmark,American Trust Company,82-046,12855.19336,492.0070998
266,00601040050000,1106,11TH,ST,Landmark,Hotel Regis,82-046,6467.786133,321.7586005
267,00601220060000,1531,L,ST,Landmark,Firestone Store #7586,82-046,19758.37402,568.6955154
268,00601760040000,1720,CAPITOL,AVE,Landmark, ,3911,2598.112305,223.4606041
269,00602330190000,1605,O,ST,Landmark, ,3911,3811.355469,272.2360596
270,00602350260000,1411,17TH,ST,Landmark, ,3911,1977.849609,178.3950197
271,00100900050000,1100,RICHARDS,BLVD,Landmark,Zellerbach Paper Company/UHaul,2011-011,283119.3691,2186.736079
272,00102100380000,101,BERCUT,DR,Landmark,Sacramento River Water Treatment Plant,2011-011,1702387.425,5850.778595
273,00200740130000,1131,C,ST,Landmark,Phoenix Milling Company/Globe Mills,82-046,54120.97363,980.1222031
274,00200750200000,1107,D,ST,Landmark, ,82-029,3104.758789,237.0241208
275,00200810020000,1201,C,ST,Landmark, ,82-046,26150.94531,657.9535302
276,00200810030000,1217,C,ST,Landmark, ,82-046,13152.59082,488.5925379
277,00201050150000,701,E,ST,Landmark,Anton Wagner Duplex,82-029,3360.603516,244.77314
278,00201120160000,530,10TH,ST,Landmark,Calvin E. Crocker House,82-077,3987.71875,261.743581
279,00201120170000,929,F,ST,Landmark, ,3911,6480.546875,404.6947115
280,00201160030000,1100,E,ST,Landmark,"Anton Wagner, Grocer",82-029,3670.298828,251.5792054
281,00201160480000,517,11TH,ST,Landmark, ,82-029,2975.172852,229.8265691
282,00201220250000,517,12TH,ST,Landmark,Central California Electric Company,82-046,4986.201172,324.8234823
283,00201230060000,1320,D,ST,Landmark, ,3911,6461.166016,398.640861
284,00201250210000,1425,E,ST,Landmark, ,3911,6306.983398,401.3730873
285,00201320230000,521,15TH,ST,Landmark, ,3911,3253.521484,241.3585656
286,00201550340000,1020,F,ST,Landmark, ,82-029,7306.473633,413.8323754
287,00201560080000,1112,G,ST,Landmark, ,82-029,6411.527344,396.2717418
288,00201610040000,1220,F,ST,Landmark, ,82-029,6510.207031,404.7412945
289,00201630100000,1322,F,ST,Landmark, ,3911,5692.394531,395.1068954
290,00201650220000,621,14TH,ST,Landmark, ,3911,3304.234375,244.7426142
291,00201710190000,629,15TH,ST,Landmark, ,3911,3861.87207,254.3085554
292,00201750050000,1710,F,ST,Landmark, ,3911,4356.253906,380.1215943
293,00201750110000,1730,F,ST,Landmark,Giachino Matranga-Groceries,82-046,3273.553711,243.5985539
294,00301220030000,505,18TH,ST,Landmark, ,3911,3244.446289,242.7942314
295,00301230110000,1909,E,ST,Landmark, ,3911,6600.719727,404.728929
296,00602360100000,1520,18TH,ST,Landmark, ,3911,4436.458008,267.226658
297,00602820210000,1711,12TH,ST,Landmark, ,82-046,3657.365234,240.2130003
298,00602930240000,1617,16TH,ST,Landmark, ,3911,3308.358398,243.3424377
299,00603800010000,700,K,ST,Landmark,Pacific State Savings Bank,82-046,50561.4834,955.9297311
300,00700250030000,2312,H,ST,Landmark, ,3911,6337.763672,402.6578143
301,00700310170000,2405,I,ST,Landmark, ,3911,4038.634766,281.8550964
302,00700520080000,3020,I,ST,Landmark, ,3911,6291.114258,394.5912469
303,00700810020000,1800,J,ST,Landmark, ,3911,4520.634766,289.7994806
304,00700920230000,2101,L,ST,Landmark,Redman's Hall/ J.M. Carney-Drugs,82-046,3099.411133,234.5470241
305,00700960260000,2307,L,ST,Landmark, ,3911,4228.665039,290.5075745
306,00701040020000,1112,26TH,ST,Landmark,"St Francis Church, Friary, and School",82-046,15068.64844,523.3550155
307,00701050070000,2620,J,ST,Landmark, ,3911,6627.051758,409.5551608
308,00701430160000,1219,19TH,ST,Landmark, ,3911,3275.09668,244.5680844
309,00701440080000,1320,20TH,ST,Landmark, ,3911,3111.579102,234.5108587
310,00701540030000,2200,CAPITOL,AVE,Landmark, ,3911,3370.486328,242.3615622
311,00701550150000,2305,CAPITOL,AVE,Landmark, ,3911,3245.411133,242.8177332
312,00701550250000,2324,L,ST,Landmark,,,48512.06152,969.1238895
313,00701560070000,2320,CAPITOL,AVE,Landmark, ,3911,6920.873047,407.4255621
314,00702410100000,1830,N,ST,Landmark, ,3911,3185.859375,239.1130096
315,00702410220000,1419,18TH,ST,Landmark, ,3911,2196.633789,218.0663369
316,00702430110000,1412,20TH,ST,Landmark, ,3911,6067.568359,311.6955993
317,00702440180000,1901,P,ST,Landmark, ,3911,3563.832031,250.0596718
318,00702530030000,2208,N,ST,Landmark, ,3911,6448.085938,402.4039824
319,00702530100000,1418,23RD,ST,Landmark, ,3911,3200,240.0000006
320,00702630040000,2504,N,ST,Landmark, ,3911,3241.801758,242.0905064
321,00702660060000,2610,O,ST,Landmark, ,3911,6354.869141,397.7437991
322,00702660140000,2621,P,ST,Landmark, ,3911,9721.610352,444.0537287
323,00702660160000,2609,P,ST,Landmark, ,3911,6480.287109,404.0157367
324,00702660170000,2607,P,ST,Landmark, ,3911,3306.148438,245.3073642
325,00703120080000,1818,Q,ST,Landmark, ,3911,3369.298828,251.7979548
326,00703350050000,2608,P,ST,Landmark, ,3911,6378.842773,398.9432147
327,00703350090000,2626,P,ST,Landmark,The H.L. Nelson House,2016-0035,3199.041016,238.6663349
328,00703520060000,3030,Q,ST,Landmark,Glenn Dairy Company,82-046,26689.05176,653.6785054
329,00703530050000,1601,STOCKTON,BLVD,Landmark,"Libby, McNeil, and Libby Fruit and Vegetable Cannery",83-115,51456.75684,1012.51492
330,00900520320000,330,S,ST,Landmark, ,82-046,10282.47754,487.7362067
331,00900540170000,419,T,ST,Landmark, ,3911,6199.046875,392.6050217
332,00900540180000,415,T,ST,Landmark, ,3911,6470.185547,396.0400133
333,00900740240000,1910,11TH,ST,Landmark, ,3911,3649.151367,268.98987
334,00901320120000,2114,10TH,ST,Landmark, ,3911,5874.727539,380.6122884
335,00901330100000,2004,11TH,ST,Landmark, ,3911,2218.083008,219.6757847
336,00901510160000,1505,U,ST,Landmark, ,3911,6168.105469,392.5607094
337,00901520040000,1504,U,ST,Landmark, ,3911,3449.234375,252.1306697
338,00902620070000,0,LAND PARK,DR,Landmark, ,,18747.05371,574.3790606
339,01000220030000,1800,S,ST,Landmark, ,,2973.696289,237.6028855
340,01000320030000,1903,21ST,ST,Landmark, ,3911,9394.623047,426.666783
341,01000360160000,1929,23RD,ST,Landmark, ,3911,3065.376953,234.6155203
342,01000910060000,1822,T,ST,Landmark, ,3911,6772.835938,413.7528469
343,01001630240000,2217,22ND,ST,Landmark, ,3911,3088.225586,233.0475451
344,01302320060000,2672,MONTGOMERY,WAY,Landmark,Barr-Wixson House,2018-0051,12377.51172,446.4391891
345,01401520410000,2940,42ND,ST,Landmark,Kyles Temple African Methodist Episcopal  Zion Church ,2015-0003,57081.75488,1073.213681
346,00301540020000,511,28TH,ST,Landmark, ,3911,3125.240234,237.797446
347,00301720080000,1822,G,ST,Landmark, ,3911,4723.510742,377.2571131
348,00301810140000,2101,G,ST,Landmark,Cranston-Geary House,3911,6283.530273,329.0544074
350,00301850230000,2331,G,ST,Landmark, ,3911,3121.685547,238.0420494
351,00600360370000,903,8TH,ST,Landmark,Sacramento City Library,83-115,37768.56055,897.020835
352,00600470110000,921,11TH,ST,Landmark,Elks Building,82-046,2505.657227,205.1305017
353,00600530010000,1300,H,ST,Landmark,Charles Lais House,3911,13051.07227,484.5430339
354,00600630030000,1616,H,ST,Landmark, ,3911,6524.973633,404.0837551
355,00600870430000,1010,5TH,ST,Landmark,Travelers Hotel,82-046,14925.79297,515.5981276
356,00600940010000,1015,7TH,ST,Landmark,Merchants National Bank,82-046,2535.0625,213.3802483
357,00600960220000,717,K,ST,Landmark,Ochsner Building,82-046,11781.47363,449.3815104
358,00601010030000,900,J,ST,Landmark,Ruhstaller Building,82-046,3075.730469,236.8933565
359,00601060040000,1130,K,ST,Landmark,"Weinstock, Lubin, and Company",82-046,31207.87891,710.5660783
360,00601160020000,1414,K,ST,Landmark,Pacific Telephone Inland Division Headquarters,82-046,13211.98438,484.4311292
361,00601210010000,1015,15TH,ST,Landmark,A.C. Westerguard Auto Repair,82-046,7595.226563,481.1314514
362,00601230060000,1624,J,ST,Landmark,Kost Building,82-046,13449.51758,489.0994221
363,00601750020000,1700,L,ST,Landmark,California State automobile Assoc.,82-046,6385.110352,319.632237
364,00602110020000,1400,10TH,ST,Landmark,California Fruit Exchange Co.,82-046,13826.66602,547.0811237
365,00602340270000,1524,17TH,ST,Landmark, ,3911,4940.415039,289.5147963
366,00602350220000,1724,N,ST,Landmark, ,3911,9755.235352,404.9036065
367,00101300070000,1341,C,ST,Landmark,Fire Staton #14,2011-011,4665.953125,314.2292738
368,00101900040000,400,JIBBOOM,ST,Landmark,"PG&E Sacramento River Power Station """"B""""",2011-011,83867.96777,1411.752196
369,00200840060000,1331,D,ST,Landmark, ,3911,3264.161133,244.1837817
370,00201040010000,515,8TH,ST,Landmark, ,82-029,3311.207031,250.1790569
371,00201040170000,813,F,ST,Landmark, ,82-029,5690.695313,395.1835942
372,00201150020000,411,11TH,ST,Landmark, ,82-029,2290.441406,210.6337744
373,00201160130000,1117,F,ST,Landmark, ,82-029,6615.033203,406.0100269
374,00201240010000,515,13TH,ST,Landmark, ,3911,3020.935547,234.3999764
375,00201240140000,524,14TH,ST,Landmark, ,3911,3243.171875,242.2038838
376,00201250200000,1429,E,ST,Landmark, ,3911,3036.228516,228.6423931
377,00201260120000,528,15TH,ST,Landmark, ,3911,6657.056641,326.3632483
378,00201310100000,400,16TH,ST,Landmark,Reed+McKee Tires,82-046,4786.239258,280.5811277
379,00201540080000,1022,G,ST,Landmark, ,82-029,3885.5,274.8724204
380,00201550330000,1010,F,ST,Landmark,Hubbard-Upson House,82-029,11759.9375,468.8623411
381,00201630080000,1314,F,ST,Landmark, ,3911,5953.170898,398.2623657
382,00201660020000,1408,G,ST,Landmark,W.J. Toland-Grocery,82-046,6480.992188,322.0739269
383,00201730310000,1630,F,ST,Landmark, ,3911,6174.450195,388.218723
384,00201750040000,1706,F,ST,Landmark, ,3911,3267.633789,243.3815425
385,00300840150000,324,23RD,ST,Landmark, ,3911,3252.820313,242.4915216
386,00301220190000,1815,F,ST,Landmark, ,3911,6418.807617,402.3325575
387,00301220200000,1811,F,ST,Landmark, ,3911,6586.300781,404.4268424
388,00602740010000,1715,10TH,ST,Landmark,M.D. Gillmore Meat Market/H.B. Miller Co,82-046,3565.9375,246.2041791
389,00602840100000,1330,P,ST,Landmark, ,3911,3076.476563,233.9857009
390,00602850080000,1316,Q,ST,Landmark, ,3911,4264.623047,373.4986941
391,00700110090000,1826,H,ST,Landmark, ,3911,3474.444336,248.1599362
392,00700110100000,1830,H,ST,Landmark, ,3911,2957.689453,234.9232903
393,00700150140000,2011,I,ST,Landmark, ,3911,6491.300781,401.558813
394,00700210020000,809,21ST,ST,Landmark, ,3911,3179.500977,239.4895605
395,00700210080000,2120,H,ST,Landmark, ,3911,6484.829102,404.2412359
396,00700210270000,2101,I,ST,Landmark, ,3911,2719.701172,233.8518618
397,00700320060000,2404,I,ST,Landmark, ,3911,2212.494141,214.5741456
399,00700440100000,2830,I,ST,Landmark,007-0043-013,3911,3942.189453,257.594269
400,00700910010000,2100,J,ST,Landmark,1st United Methodist Church,82-046,27049.08789,657.9070758
401,00700920160000,2131,L,ST,Landmark, ,3911,3115.710938,234.3231202
402,00700920210000,2109,L,ST,Landmark, ,3911,6736.860352,408.3756282
403,00701020110000,1108,25TH,ST,Landmark, ,3911,3269.454102,246.7692244
404,00701060010000,2701,L,ST,Landmark, ,82-046,136821.7051,1484.683265
405,00701110200000,2728,J,ST,Landmark,Born Brother's Groceries,82-046,19994.16602,572.2885803
406,00701230370000,3145,GRANADA,WAY,Landmark,Fire Station #4,2005-068,9470.835938,397.2102024
407,00701410040000,1804,L,ST,Landmark, ,3911,3110.558594,236.9427584
408,00701420140000,1316,19TH,ST,Landmark, ,3911,2962.373047,230.6463752
409,00701430010000,1215,19TH,ST,Landmark,"Firehouse #3, Engine Co. No. 3",83-115,6685.350586,327.0753727
410,00701530050000,2208,L,ST,Landmark,F.A. Lafferty Auto Livery,82-046,6455.644531,400.0765868
411,00701550280000,2315,CAPITOL,AVE,Landmark,Diepenbrock House,3911,6679.416992,407.8232708
412,00701630140000,2515,CAPITOL,AVE,Landmark, ,3911,8073.325195,425.5554493
413,00701640060000,2514,CAPITOL,AVE,Landmark, ,3911,6429.546875,401.4791855
414,00701640140000,2531,N,ST,Landmark, ,3911,3736.665039,255.4457048
415,00701710010000,2700,L,ST,Landmark,Pioneer Memorial,82-046,19562.26953,575.7681103
416,00702120150000,3003,O,ST,Landmark,Rotas Brothers Groceries,82-046,6183.794922,314.5832418
417,00702420020000,1511,18TH,ST,Landmark, ,3911,3216.964844,241.9615212
418,00702420130000,1512,19TH,ST,Landmark, ,3911,2063.428711,208.8935749
419,00702420140000,1514,19TH,ST,Landmark, ,3911,1865.209961,203.8059618
420,00702510110000,2130,N,ST,Landmark, ,3911,3205.823242,247.5946519
421,00703210170000,2110,P,ST,Landmark,"C.H. Chatterton, Building Contractor",82-055,6429.640625,399.5363311
422,00703350030000,2600,P,ST,Landmark, ,3911,2982.041992,233.9219451
423,00703350220000,1617,26TH,ST,Landmark, ,3911,3103.535156,235.2021277
424,00900430030000,1801,2ND,ST,Landmark,Thomson-Giggs Company,82-046,2972.073242,239.3958469
425,00900640020000,730,S,ST,Landmark,Holy Angel Cathedral School,82-046,26489.77246,651.1526654
426,00900740030000,1905,10TH,ST,Landmark, ,3911,3542.331055,256.7802596
427,00900820210000,2015,T,ST,Landmark,,2014-0028,6308.061523,395.4048671
428,00900920230000,1926,16TH,ST,Landmark, ,82-046,6602.282227,325.051117
429,00900940090000,1630,S,ST,Landmark, ,,7502.491211,346.4707781
430,00901110060000,324,T,ST,Landmark, ,3911,6260.40625,396.2112473
431,00901110130000,2030,4TH,ST,Landmark, ,3911,3201.470703,240.3272073
432,00901130290000,430,T,ST,Landmark,Potter House,3911,44301.08594,906.2391478
433,00901310270000,2021,9TH,ST,Landmark, ,3911,3017.303711,232.0730003
434,00901350260000,1130,T,ST,Landmark, ,3911,3374.25293,245.2491763
435,00901550140000,1731,U,ST,Landmark, ,3911,3975.286133,276.0973332
436,00902620060000,1500,BROADWAY,,Landmark,Tower Theater,82-055,7275.516602,375.857264
437,01000220140000,1831,T,ST,Landmark, ,3911,4200.591797,278.6624426
438,01000260140000,1922,21ST,ST,Landmark, ,3911,3457.900391,254.2793429
439,01001010010000,2015,21ST,ST,Landmark, ,3911,6474.72168,408.0287848
440,01001010220000,2000,22ND,ST,Landmark, ,3911,9568.806641,403.5987764
441,01001040200000,2129,22ND,ST,Landmark, ,3911,6983.621094,356.7900209
442,01001150080000,2620,T,ST,Landmark,Lousi Huber-Retail Grocer,82-046,6699.493164,409.2976375
443,01003810010000,3500,2ND,ST,Landmark,The Culver House/Alpha Kappa Alpha Sorority House,2013-0023,8716.360352,411.6942225
444,01302310150000,2761,MONTGOMERY,WAY,Landmark,J.C Carly House,2005-019,9776.662109,395.5163342
445,02900100080000,6125,RIVERSIDE,BLVD,Landmark,Primentel's Ingleside Cafe,2009-039,8538.479492,376.8746285
446,00301610260000,3021,E,ST,Landmark, ,3911,3505.827148,252.4087181
447,00301710100000,1830,F,ST,Landmark, ,3911,3552.869141,256.0422712
448,00301750210000,2001,G,ST,Landmark, ,3911,3504.741211,246.9791725
449,00301820140000,2101,H,ST,Landmark, ,3911,7315.670898,347.4724382
450,00301840220000,717,22ND,ST,Landmark, ,3911,4695.601563,310.5185276
451,00301920210000,2401,H,ST,Landmark, ,3911,3258.737305,241.4684336
452,00301930120000,2531,G,ST,Landmark, ,3911,3662.972656,252.789357
453,00301940180000,2531,H,ST,Landmark, ,3911,7381.198242,343.6580865
454,00301960080000,2628,G,ST,Landmark, ,3911,3242.374023,241.6116212
455,00302120070000,3012,G,ST,Landmark, ,3911,6498.556641,403.1947718
456,00600410130000,915,I,ST,Landmark,City Hall,83-115,111760.0342,1337.510002
457,00600420010000,0,I,ST,Landmark, ,,110510.4482,1329.911843
458,00600470010000,915,11TH,ST,Landmark, ,3911,4264.753906,264.698499
459,00600470120000,921,11TH,ST,Landmark,Elks Building,82-046,15644.18652,516.4275092
460,00600510080000,1232,H,ST,Landmark, ,3911,6622.228516,404.8297583
461,00600520030000,1200,I,ST,Landmark,BF Goodrich Tire Center,82-046,7311.989258,360.9068503
462,00600980260000,,8TH,ST,Landmark,American Cash Apartments/ Bel Vue Apartments,82-046,9005.705078,384.7440684
463,00601010120000,926,J,ST,Landmark,Cal Western life Insurance Co.,82-046,11852.55176,535.6621878
464,00601040060000,1110,11TH,ST,Landmark,Howe Apartments,82-046,4105.668945,264.2264855
465,00601060050000,1121,L,ST,Landmark,Sacramento Medical Dental Building,82-046,38242.79199,801.2605361
466,00601110010000,1011,12TH,ST,Landmark,W.D. Fuller and Company,82-046,4685.436523,275.879644
467,00602250010000,1400,N,ST,Landmark,Dean Apartments,82-054,13405.37598,495.8767816
468,00602330130000,1631,O,ST,Landmark, ,3911,4090.370117,281.8054353
469,00100200620000,424,7TH,ST,Protected,Bercut-Richards Cannery/Lodi Mission Partners,2001-27,106433.3643,1812.007468
470,00200100420000,401,I,ST,Landmark,Railway Express Building,82-046,39321.2666,850.5404963
472,00200750170000,1129,D,ST,Landmark, ,82-029,6480.051758,403.6185425
473,00200840080000,1317,D,ST,Landmark, ,3911,8175.158203,424.4040594
474,00200860230000,319,14TH,ST,Landmark, ,3911,2410.958984,220.0578369
475,00201020180000,523,7TH,ST,Landmark, ,82-029,2934.589844,234.026431
476,00201020220000,510,8TH,ST,Landmark, ,82-029,6544.041992,323.5955857
477,00201040260000,808,E,ST,Landmark, ,82-029,5908.630859,422.1627982
478,00201120020000,511,9TH,ST,Landmark, ,3911,3446.472656,249.9417156
479,00201120060000,914,E,ST,Landmark, ,3911,6402.12207,399.0420273
480,00201120120000,512,10TH,ST,Landmark, ,82-029,5894.750977,399.807621
481,00201220210000,1213,F,ST,Landmark, ,82-029,6473.763672,404.1098538
482,00201220300000,1212,E,ST,Landmark, ,82-029,9745.746094,442.7835319
483,00201230040000,401,13TH,ST,Landmark, ,3911,3082.706055,235.0590742
484,00201240020000,511,13TH,ST,Landmark, ,3911,3118.816406,236.9890905
485,00201240040000,501,13TH,ST,Landmark, ,3911,3340.733398,242.8074883
486,00201510170000,925,G,ST,Landmark,Van Voorhies House,82-029,3119.792969,236.2719814
487,00201640150000,1301,H,ST,Landmark, ,3911,4399.880859,299.9953354
488,00201650080000,1424,F,ST,Landmark, ,3911,6553.079102,406.0548092
489,00201650090000,1426,F,ST,Landmark, ,3911,3064.083984,232.3005322
490,00201710180000,1509,G,ST,Landmark, ,3911,3898.567383,369.0816218
491,00300750230000,321,20TH,ST,Landmark, ,3911,3330.193359,244.4092088
492,00300830160000,217,22ND,ST,Landmark, ,3911,3245.324219,240.1196872
493,00301250240000,417,20TH,ST,Landmark,Chemical Number 3,82-046,3084.455078,234.9961036
494,00602360040000,1704,O,ST,Landmark, ,3911,4828.989258,379.2019682
495,00602820120000,1226,Q,ST,Landmark, ,3911,4354.553711,350.3056593
496,00602820160000,1712,13TH,ST,Landmark, ,3911,2356.833984,216.1224626
497,00602850090000,1318,Q,ST,Landmark, ,3911,4443.702148,375.7298899
498,00602850140000,1714,14TH,ST,Landmark, ,3911,3169.56543,239.2405992
499,00602870190000,1720,15TH,ST,Landmark,Wonder Bread Bakery,2002-031,18853.82227,556.9167808
500,00602870200000,1409,R,ST,Landmark,Perfection Bread Company,82-046,19343.13672,566.0894598
501,00602920090000,1700,16TH,ST,Landmark, ,3911,3398.227539,243.461957
502,00700210040000,2106,H,ST,Landmark, ,3911,3871.49707,257.7438839
503,00700250070000,2330,H,ST,Landmark, ,3911,6704.337891,407.2223196
504,00700310010000,815,24TH,ST,Landmark, ,3911,5087.90625,287.7128172
505,00700330210000,2501,I,ST,Landmark, ,3911,3920.375,339.0658094
506,00700360040000,2608,I,ST,Landmark, ,3911,5970.90918,321.3176559
507,00700360190000,912,27TH,ST,Landmark, ,3911,3975.049805,262.9936793
508,00700510060000,800,ALHAMBRA,BLVD,Landmark,McKinley Park Gas Station,82-046,23547.96484,663.0633369
509,00700940170000,2215,L,ST,Landmark, ,3911,6427.262695,404.373985
510,00701420040000,1806,CAPITOL,AVE,Landmark, ,82-046,3307.025391,242.9881405
511,00701420130000,1314,19TH,ST,Landmark, ,3911,2760.546875,226.2131647
512,00701450080000,2015,CAPITOL,AV,Landmark, ,82-046,8158.571289,425.1343241
513,00701450090000,2015,CAPITOL,AV,Landmark, ,82-046,13033.07227,485.1684206
514,00701510100000,1212,22ND,ST,Landmark, ,3911,3150.941406,236.6006032
515,00701510110000,1214,22ND,ST,Landmark, ,3911,3080.388672,234.6802913
516,00701520210000,1320,22ND,ST,Landmark, ,3911,6209.796875,315.2853274
517,00701530130000,2223,CAPITOL,AVE,Landmark, ,82-046,17887.0459,545.3217733
518,00701540020000,1311,22ND,ST,Landmark, ,3911,3358.977539,245.8644234
519,00701540150000,2215,N,ST,Landmark, ,3911,6350.302734,396.2923421
520,00701560210000,2301,N,ST,Landmark, ,3911,1952.006836,188.3120754
521,00702410160000,1819,O,ST,Landmark, ,3911,6736.492188,410.8594619
522,00702410230000,1417,18TH,ST,Landmark, ,3911,2164.900391,217.4084608
523,00702460060000,2021,P,ST,Landmark, ,3911,6588.402344,404.6547148
524,00702510140000,1420,22ND,ST,Landmark, ,3911,3048.602539,233.3053775
525,00702530050000,2218,N,ST,Landmark, ,3911,6450.93457,402.5470705
526,00702530160000,2211,O,ST,Landmark, ,3911,6591.854492,406.9788134
527,00702660130000,2625,P,ST,Landmark, ,3911,8227.249023,425.6237929
528,00702660190000,1523,26TH,ST,Landmark, ,3911,3183.666992,239.1833358
529,00702660200000,1517,26TH,ST,Landmark, ,3911,3133.305664,237.9654636
530,00703330160000,2527,Q,ST,Landmark, ,3911,3368.926758,245.5248934
531,00703330240000,1617,25TH,ST,Landmark, ,3911,3151.941406,233.7998528
532,00704500030000,2801,CAPITOL,AVE,Landmark,"John Sutter's Bldgs/ Sacramento Brewery, Old Tavern",82-046,18018.96777,575.419606
533,00900540050000,412,S,ST,Landmark, ,3911,3361.741211,373.6501136
534,00900540160000,421,T,ST,Landmark, ,3911,6363.963867,394.7353977
535,00900560230000,1919,5TH,ST,Landmark, ,3911,2531.166016,220.07544
536,00900730040000,1800,11TH,ST,Landmark,Sacramento Granite & Marble Works,82-046,26854.39063,655.6314089
537,00900740040000,1903,10TH,ST,Landmark,Thomas Ryan Groceries and Saloon/ Old Ironsides,82-046,2766.790039,239.2331142
538,00900740090000,1906,11TH,ST,Landmark, ,3911,7769.567383,354.1358021
539,00900740140000,1930,11TH,ST,Landmark, ,3911,3624.612305,255.4351153
540,00900960090000,1730,S,ST,Landmark, ,82-046,5653.361328,381.6546588
541,00901310080000,912,T,ST,Landmark, ,3911,6600.532227,410.024812
542,00901330090000,2000,11TH,ST,Landmark, ,3911,2359.547852,223.2297272
543,00901350180000,1111,U,ST,Landmark, ,3911,6274.650391,393.7350747
544,00901420220000,2127,12TH,ST,Landmark, ,3911,3210.319336,243.3753597
545,00901550170000,1721,U,ST,Landmark, ,3911,6375.892578,395.2910884
546,00901960060000,1114,V,ST,Landmark, ,3911,6533.22168,406.1295953
547,00901960080000,1120,V,ST,Landmark, ,3911,6702.59668,408.3181136
548,00902620010000,1500,BROADWAY,,Landmark,Tower Theater,82-055,3990.838867,278.0745698
549,01000230140000,1809,19TH,ST,Landmark, ,3911,5224.220703,302.8238587
550,01001010210000,2131,U,ST,Landmark, ,3911,3691.270508,243.2695021
551,01001030030000,2200,T,ST,Landmark, ,3911,3673.324219,252.6334307
552,01001030170000,2211,U,ST,Landmark, ,3911,6363.685547,398.6436371
553,01001660260000,2215,21ST,ST,Landmark,Edward P Howe Jr. House,3911,12630.57227,475.6872629
554,01001660290000,2128,V,ST,Landmark, ,3911,8871.229492,379.1797625
555,01801040010000,4701,FREEPORT,BLVD,Landmark,Chase Bank (Former Senator Savings and Loan Association),2018-0049,18762.65332,545.2736348
556,00301310040000,401,21ST,ST,Landmark, ,3911,2785.927734,220.2013634
557,00301320050000,2106,E,ST,Landmark, ,3911,3250.040039,239.8695758
558,00301710070000,1818,F,ST,Landmark, ,3911,6628.999023,408.3751822
559,00301710190000,1807,G,ST,Landmark, ,3911,3129.65332,236.3400443
560,00301720150000,1827,H,ST,Landmark, ,3911,3327.316406,244.8332447
561,00301740020000,709,19TH,ST,Landmark, ,3911,3238.058594,242.2864644
562,00301740030000,707,19TH,ST,Landmark, ,3911,3239.257813,242.2315141
563,00301820120000,2119,H,ST,Landmark, ,3911,4564.259766,292.8572417
564,00301840160000,2217,H,ST,Landmark, ,3911,6545.253906,403.7935527
565,00301920060000,2418,G,ST,Landmark, ,3911,6433.801758,400.5872701
566,00302120080000,3012,G,ST,Landmark, ,3911,6341.007813,401.272796
567,00402210010000,3330,MCKINLEY,BLVD,Landmark,Iva Gard Shepard Garden and Arts Center,2018-0049,176182.3115,1759.572785
568,00600340090000,727,J,ST,Landmark,Sylvester Tyron Building,82-046,6465.285156,402.9135102
569,00600470080000,912,12TH,ST,Landmark,Ridgeway Hotel,2013-0006,2943.807617,233.3965562
570,00600470090000,1131,J,ST,Landmark,Masonic Temple,82-046,16125.68652,522.3710237
571,00600610030000,1530,H,ST,Landmark,Govenors Mansion/ Mansion's Carriage House,3911,34396.90918,748.8943061
572,00600620010000,1515,J,ST,Landmark, ,,108892.9385,1320.307792
573,00600650100000,818,18TH,ST,Landmark, ,3911,1381.548828,149.4804808
574,00600650110000,820,18TH,ST,Landmark, ,3911,2080.071289,183.3458989
575,00601010040000,904,J,ST,Landmark,Gogings Drug Store,82-046,3101.330078,323.4915265
576,00601060060000,1127,11TH,ST,Landmark,Sacramento Medical Dental Building ,82-046 ,13482.29883,528.2814655
577,00601240060000,1122,17TH,ST,Landmark,Young Womens Christian Association,82-046,13397.02832,490.7520802
578,00601760050000,1730,CAPITOL,AVE,Landmark, ,3911,3024.30957,234.2841759
579,00601760210000,1716,CAPITOL,AVE,Landmark, ,3911,4728.888672,397.2635213
580,00602350030000,1704,N,ST,Landmark, ,3911,6142.932617,395.832631
581,00100810060000,521,N 10TH,ST,Landmark,Volker Flooring,2011-011,70981.59277,1101.158447
582,00101900130000,0,JIBBOOM,ST,Landmark,Sacramento River Station B,2001-27,11862.55273,509.91534
583,00200810220000,220,13TH,ST,Landmark, ,3911,6503.398438,399.1611455
584,00200860220000,321,14TH,ST,Landmark, ,3911,2367.467773,219.0904692
585,00200860400000,1415,D,ST,Landmark, ,3911,3329.194336,244.3255427
586,00200920200000,325,15TH,ST,Landmark, ,3911,2541.152344,222.8232249
587,00200950210000,1631,C,ST,Landmark,Calpak Plant No. 11,82-046,274184.8223,2283.947616
588,00201040220000,517,8TH,ST,Landmark,Mesick House,82-029,2643.081055,226.0772918
589,00201150030000,409,11TH,ST,Landmark, ,82-029,2214.192383,208.6042565
590,00201150090000,1120,D,ST,Landmark, ,82-029,6475.772461,398.1424081
591,00201160490000,1115,F,ST,Landmark, ,82-029,9790.817383,445.1798737
592,00201230010000,413,13TH,ST,Landmark, ,3911,3039.597656,234.0872419
593,00201240050000,1310,E,ST,Landmark, ,3911,6213.726563,396.7288558
594,00201250160000,414,15TH,ST,Landmark, ,3911,3279.818359,243.980954
595,00201260150000,1415,F,ST,Landmark, ,3911,6598.421875,405.2595446
596,00201260160000,1409,F,ST,Landmark, ,3911,6659.441406,406.0319453
597,00201320220000,1501,F,ST,Landmark, ,3911,3295.295898,246.5808966
598,00201510300000,917,G,ST,Landmark, ,82-029,6439.543945,401.2165444
599,00201520260000,925,H,ST,Landmark,Llewellyn Williams Mansion,3911,23224.84082,650.0726683
600,00201550320000,601,10TH,ST,Landmark, ,82-029,3161.511719,247.4435444
601,00201560190000,719,11TH,ST,Landmark, ,3911,1776.300781,191.1109477
602,00201630020000,611,13TH,ST,Landmark, ,3911,4554.691406,275.7782503
603,00201650110000,612,15TH,ST,Landmark, ,3911,3158.095703,238.1266044
604,00201750150000,1723,G,ST,Landmark, ,3911,6311.264648,395.5641857
605,00602840150000,1331,Q,ST,Landmark, ,3911,1911.046875,176.7111716
606,00602920080000,1526,Q,ST,Landmark, ,3911,3077.74707,235.3692494
607,00602950180000,1701,Q,ST,Landmark,The Bidwell,3911,7434.730469,347.7596708
608,00700120070000,1816,I,ST,Landmark, ,3911,6374.033203,395.2167765
609,00700130130000,1905,I,ST,Landmark,William and Catherine Bath House,2007-058,3110.431641,236.2084613
610,00700210240000,2125,I,ST,Landmark, ,3911,2909.935547,235.6583089
611,00700230090000,2230,H,ST,Landmark, ,3911,3206.639648,241.8618305
612,00700310020000,2400,H,ST,Landmark, ,3911,4178.286133,283.0930608
613,00700310030000,2404,H,ST,Landmark, ,3911,3940.380859,278.4932016
614,00700320050000,2402,I,ST,Landmark, ,3911,2257.197266,215.3768592
615,00700330030000,2500,H,ST,Landmark, ,3911,3124.28125,237.0215256
616,00700360110000,2627,J,ST,Landmark, ,3911,6456.810547,400.4449092
617,00700850010000,1015,20TH,ST,Landmark,Miller-Skelton Funeral Chapel,82-046,13317.14746,488.6224941
618,00700910060000,1026,22ND,ST,Landmark,J.F. Giovanetti Groceries,82-046,2830.732422,230.5177706
619,00700930090000,1006,23RD,ST,Landmark, ,3911,2958.999023,238.68758
620,00700940010000,1115,22ND,ST,Landmark, ,3911,1563.943359,158.5146757
621,00701020090000,2428,K,ST,Landmark, ,4221,3277.979492,246.0877901
622,00701020120000,1114,25TH,ST,Landmark, ,3911,3354.904297,248.6730214
623,00701020150000,2431,L,ST,Landmark, ,3911,3784.734375,256.0995257
624,00701050220000,1017,26TH,ST,Landmark, ,3911,3345.266602,242.7411912
625,00701120010000,0, , ,Landmark,Sutter's Fort/New helvetia,82-046,131159.7305,1463.86638
626,00701410140000,1817,CAPITOL,AVE,Landmark, ,3911,6317.162109,401.7905443
627,00701420030000,1800,CAPITOL,AVE,Landmark, ,,3290.073242,242.7493676
628,00701440090000,1931,N,ST,Landmark, ,3911,3048.167969,238.635121
629,00701510080000,2126,L,ST,Landmark, ,3911,3183.431641,239.0871819
630,00701520100000,2131,N,ST,Landmark, ,3911,3257.646484,242.3673706
631,00701520130000,2123,N,ST,Landmark, ,3911,6360.117188,396.6239132
632,00701540050000,2210,CAPITOL,AVE,Landmark, ,3911,6326.859375,399.9033311
633,00701540140000,2217,N,ST,Landmark, ,3911,6321.263672,395.9021464
634,00701540160000,2213,N,ST,Landmark, ,3911,6155.540039,393.8444724
635,00701640210000,2501,N,ST,Landmark, ,3911,2874.885742,234.9620019
636,00702410030000,1800,N,ST,Landmark, ,3911,3502.007813,246.8835433
637,00702410040000,1806,N,ST,Landmark, ,3911,3098.352539,236.872429
638,00702420120000,1510,19TH,ST,Landmark, ,3911,2186.632813,212.054773
639,00702440170000,1907,P,ST,Landmark, ,3911,3112.59375,238.9570976
640,00702550040000,2312,N,ST,Landmark, ,3911,6463.769531,403.1871694
641,00702550090000,1412,24TH,ST,Landmark, ,3911,3138.891602,249.3658779
642,00702560090000,2322,O,ST,Landmark, ,3911,6359.880859,397.9943884
643,00703250190000,2307,Q,ST,Landmark, ,3911,4438.838867,301.944045
644,00703350010000,1615,26TH,ST,Landmark, ,3911,3123.274414,235.9265482
645,00802070050000,1224,44TH,ST,Landmark,Rooney/Wood House,2014-0040,10050.30664,420.6558548
646,00900740020000,1911,10TH,ST,Landmark, ,3911,3519.316406,256.2300231
647,00900810140000,1201,S,ST,Landmark,Saint Elizabeth's Church,82-046,9800.025391,404.2156175
648,00901160260000,2104,6TH,ST,Landmark, ,3911,3350.386719,247.5206277
649,00901220130000,2014,9TH,ST,Landmark,Sacramento Fire Department House #4,82-046,3557.96582,255.1244507
650,00901320180000,915,V,ST,Landmark, ,3911,9240.480469,391.6570192
651,00901550100000,1730,T,ST,Landmark, ,,3464.05957,252.4855213
652,00902620030000,1508,BROADWAY,,Landmark,Tower Theater,82-055,3888.523438,276.2444797
653,00902940060000,1430,BROADWAY,,Landmark, ,,3925.142578,276.618054
654,01000250190000,1823,20TH,ST,Landmark, ,3911,5963.739258,409.6782075
655,01000320120000,2131,T,ST,Landmark, ,3911,9571.3125,435.9600047
656,01000430030000,2515,S,ST,Landmark,Mirabella Apartments.,2015-0012,18879.53027,554.903618
657,01001020040000,2112,22ND,ST,Landmark,Sacramento Free Library/McClatchy Library,3911,6293.641602,317.3370288
658,01001020050000,2122,22ND,ST,Landmark, ,3911,12834.4873,480.7093838
659,01001660310000,2216,22ND,ST,Landmark, ,3911,9690.529297,436.2695335
660,01204040100000,1967,13TH,AVE,Landmark,THE MURPHY RESIDENCE,2016-0034,10509.79785,427.7889662
661,01301530500000,3734,BROADWAY,,Landmark,,2000-021,10454.22656,469.7304551
662,00301260110000,510,21ST,ST,Landmark, ,3911,4474.043945,303.1454203
663,00301310010000,415,21ST,ST,Landmark, ,3911,4513.545898,303.5520302
664,00301320140000,2131,F,ST,Landmark, ,3911,10091.20703,466.3862783
665,00301360210000,2301,F,ST,Landmark,Ed Smith Service Station,82-046,6897.708008,332.4427434
666,00301410220000,2403,E,ST,Landmark, ,3911,3021.030273,235.5257133
667,00301710090000,1824,F,ST,Landmark, ,3911,5029.147461,328.5734883
668,00301720090000,1826,G,ST,Landmark, ,3911,6420.852539,398.6500847
669,00301760110000,724,21ST,ST,Landmark, ,3911,5171.654297,302.7541564
670,00301810030000,2100,F,ST,Landmark, ,3911,6391.083984,329.541994
671,00301830210000,627,22ND,ST,Landmark, ,3911,3150.541992,235.4050692
673,00301960070000,2620,G,ST,Landmark, ,3911,6461.541016,401.5708568
674,00302120090000,3026,G,ST,Landmark, ,82-086,9947.518555,485.1059479
675,00600510030000,1210,H,ST,Landmark,,2009-039,6355.904297,401.4506038
676,00601010110000,920,J,ST,Landmark,John Bellmer & Company,82-046,3430.421875,372.147511
677,00601020160000,1125,9TH,ST,Landmark,Siller Building,82-046,11182.23535,490.6922057
678,00601030100000,1020,11TH,ST,Landmark,Mohr and Yoerk Realty Co.,82-046,13194.7793,486.2116735
679,00601030210000,1017,10TH,ST,Landmark, ,82-046,4990.536133,285.6134034
680,00601050140000,1017,11TH,ST,Landmark,Cathedral of the Blessed Sacrament,82-046,34674.85254,752.5411345
681,00601110030000,1208,J,ST,Landmark,Neva/Emigh Hardware,82-046,3717.787109,374.4591297
682,00601150210000,1012,15TH,ST,Landmark,St. Paul's Episcopal Church,82-046,10265.80078,448.7181088
683,00601210180000,1001,15TH,ST,Landmark, ,3911,5107.776367,312.4799167
684,00601550120000,1220,9TH,ST,Landmark, ,82-046,14564.43262,482.761155
685,00601610010000,915,CAPITOL,AVE,Landmark,State Court and Library,82-046,253966.1006,2212.634122
686,00601760030000,1718,CAPITOL,AVE,Landmark, ,3911,5469.767578,395.8376173
687,00602310090000,1412,16TH,ST,Landmark, ,82-046,2923.325195,232.6030133
688,00602360010000,1511,17TH,ST,Landmark, ,3911,2491.948242,199.9103187
689,00100820010000,700,DOS RIOS,ST,Landmark,Dos Rios School/Smythe Academy,2011-011,299013.1904,2488.465193
691,00200510030000,116,N. 16TH,ST,Landmark,Sacramento Pipe Works,2011-011,179591.2412,1720.742394
692,00200860010000,315,14TH,ST,Landmark, ,3911,5179.482422,289.5664873
693,00200920100000,316,16TH,ST,Landmark, ,82-046,3234.788086,241.1347415
694,00201020070000,728,E,ST,Landmark, ,82-029,3246.227539,242.9910693
695,00201040140000,827,F,ST,Landmark, ,82-029,1424.824219,153.7397644
696,00201050100000,729,E,ST,Landmark,The Glenwood,82-029,4141.300781,264.3308313
697,00201120130000,516,10TH,ST,Landmark,Wilder Home,3911,3063.601563,240.2844551
698,00201160020000,511,11TH,ST,Landmark, ,82-029,4596.15332,308.5907074
699,00201160110000,526,12TH,ST,Landmark,Fred Mason-Shirt Store & Factory/Fred Kalliker-druggist,82-046,6899.140625,332.2493069
700,00201230020000,409,13TH,ST,Landmark, ,3911,3096.886719,235.5125089
701,00201230140000,1315,E,ST,Landmark, ,3911,6436.209961,403.0514612
702,00201320010000,515,15TH,ST,Landmark, ,3911,3288.208008,242.0405333
703,00201510120000,608,10TH,ST,Landmark,Kuchler Row,82-029,6647.446289,326.2036475
704,00201550350000,1024,F,ST,Landmark, ,82-029,7071.478516,410.9638647
705,00201550390000,614,11TH,ST,Landmark, ,82-029,3550.824219,246.2309331
706,00201560060000,1108,G,ST,Landmark, ,82-029,4275.998047,374.3382323
707,00201630140000,612,14TH,ST,Landmark, ,3911,4427.679688,269.2107821
708,00201640140000,1307,H,ST,Landmark, ,3911,4400.951172,300.0467231
709,00201650070000,1418,F,ST,Landmark, ,3911,6676.808594,407.5363613
710,00201650230000,617,14TH,ST,Landmark, ,3911,2764.261719,231.4336512
711,00201760110000,712,18TH,ST,Landmark, ,3911,2399.99707,200.0002292
712,00300100020000,601,ALHAMBRA,BLVD,Landmark,Florence Turnton Clunie Memorial,83-115,1187699.521,4299.834772
713,00300860040000,301,23RD,ST,Landmark, ,3911,2967.916016,238.1634648
714,00602920010000,1500,Q,ST,Landmark,Manuel Enos-Grocer,82-046,6518.347656,392.7120777
715,00602950040000,1706,P,ST,Landmark, ,3911,7097.754883,407.8782146
716,00700210290000,2111,I,ST,Landmark, ,3911,7495.514648,416.4420807
717,00700220020000,2100,I,ST,Landmark, ,3911,3298.55957,242.720774
718,00700230180000,2215,I,ST,Landmark, ,3911,6439.007813,400.9188209
719,00700250060000,2324,H,ST,Landmark, ,3911,6462.995117,404.2366525
720,00700260040000,2300,I,ST,Landmark, ,3911,3426.59082,246.2423278
721,00700310140000,2417,I,ST,Landmark, ,3911,6351.990234,399.843222
722,00700410050000,2710,H,ST,Landmark, ,3911,6473.948242,404.8249618
723,00700840300000,1931,L,ST,Landmark, ,3911,6649.194336,326.643637
724,00700920170000,2127,L,ST,Landmark, ,3911,3102.425781,234.0990636
725,00700960060000,2326,K,ST,Landmark, ,3911,13344.00684,488.5715444
726,00700960250000,2301,L,ST,Landmark, ,3911,4262.476563,291.6505624
727,00701050040000,2610,J,ST,Landmark, ,3911,6337.509766,405.8744281
728,00701050100000,1008,27TH,ST,Landmark, ,3911,2820.461914,218.220327
729,00701110150000,2719,K,ST,Landmark,Eastern Star Hotel,82-046,11095.78516,455.5210685
730,00701530100000,2230,L,ST,Landmark, ,3911,3058.801758,236.2083736
731,00701530160000,2209,CAPITOL,AVE,Landmark, ,3911,7988.881836,423.5700192
732,00701550170000,1227,23RD,ST,Landmark, ,3911,2857.4375,224.4700812
733,00701610010000,1215,24TH,ST,Landmark, ,3911,2835.024414,224.2896605
734,00701620090000,1316,25TH,ST,Landmark, ,3911,4595.283203,285.1265078
735,00701620130000,2417,N,ST,Landmark, ,3911,6302.775391,395.1385169
736,00701630020000,1211,25TH,ST,Landmark, ,3911,3029.515625,232.2032153
737,00701630190000,2527,CAPITOL,AVE,Landmark, ,3911,8178.195313,426.8737958
738,00701640100000,2530,CAPITOL,AVE,Landmark, ,3911,3469.547852,243.6932791
739,00701650080000,1216,27TH,ST,Landmark, ,3911,3428.28418,247.4735494
740,00701650110000,2627,CAPITOL,AVE,Landmark, ,3911,3280.532227,242.4832342
741,00702450080000,2016,N,ST,Landmark, ,3911,4211.316406,373.5793718
742,00702460090000,2011,P,ST,Landmark,Kliensorge House,4217,6313.786133,401.2183894
743,00702530070000,2228,N,ST,Landmark, ,3911,8518.194336,394.7882697
744,00702550120000,2321,O,ST,Landmark, ,3911,6503.166016,405.1766929
745,00702550200000,2328,N ,ST,Landmark,,3911,2526.085938,243.6470301
746,00702560030000,2300,O,ST,Landmark,James Pharmacy,82-046,3381.464844,246.3268257
747,00702630110000,1414,26TH,ST,Landmark,Meyer/Jacques-Wilcox House,2014-0029,5950.200195,309.0469694
748,00702650020000,2600,N,ST,Landmark, ,3911,3394.231445,249.5530558
749,00703140060000,1910,Q,ST,Landmark,California Expert Cleaners,82-046,3188.275391,238.408496
750,00703250020000,1613,23RD,ST,Landmark, ,3911,2762.510742,227.8583833
751,00703330150000,2531,Q,ST,Landmark, ,3911,3470.152344,248.0258913
752,00703330190000,2515,Q,ST,Landmark, ,3911,6538.056641,406.9025536
753,00703330230000,1619,25TH,ST,Landmark, ,3911,2989.141602,229.4572658
754,00703430040000,1601,28TH,ST,Landmark,L.Lutenegger Grocery Store,82-046,3133.224609,237.5703738
755,00703530060000,1601,STOCKTON,BLVD,Landmark,"Libby, McNeil, and Libby Fruit & Vegetable Cannery",83-115,47234.26563,1084.364502
756,00703530070000,1601,STOCKTON,BLVD,Landmark,"Libby, McNeil, and Libby Fruit and Vegetable Cannery",83-115,145826.3066,1951.484781
757,00900520160000,1922,4TH,ST,Landmark, ,3911,3082.27832,235.1167011
758,00900630250000,723,S,ST,Landmark,PG&E Offices,82-046,15090.68164,496.9831871
759,00900750090000,1801,11TH,ST,Landmark, ,82-046,39459.82422,812.6900312
760,00900960210000,1701,T,ST,Landmark, ,,2509.458984,219.7804737
761,00901020120000,122,U,ST,Landmark,Pumping Station #1,83-115,24903.95898,784.3192663
762,00901150160000,519,U,ST,Landmark, ,3911,6404.133789,403.4960398
763,00901230150000,2128,9TH,ST,Landmark, ,3911,3241.183594,246.3414169
764,00901330110000,2006,11TH,ST,Landmark, ,3911,2215.09375,219.4512644
765,00901330120000,2010,11TH,ST,Landmark, ,3911,3316.606445,245.830256
766,00901350160000,1117,U,ST,Landmark, ,3911,6274.861328,393.7461468
767,00901350230000,1102,T,ST,Landmark, ,3911,12929.03613,486.9425547
768,00901510210000,2031,15TH,ST,Landmark, ,3911,3913.607422,262.5003347
769,00902620020000,1506,BROADWAY,,Landmark,Tower Theater,82-055,3897.698242,276.3078708
770,00902620040000,1512,BROADWAY,,Landmark,Tower Theater,82-055,4067.525391,279.9913334
771,00902940010000,1400,BROADWAY,,Landmark, ,,13155.29297,454.4686452
772,01000250180000,1819,20TH,ST,Landmark, ,3911,3977.452148,278.8000937
773,01000410020000,1821,24TH,ST,Landmark,Pacific Telephone and Telegraph,82-046,51149.69531,964.1709698
774,01000920030000,1808,U,ST,Landmark, ,3911,13102.47168,486.9794154
775,01001010050000,2120,T,ST,Landmark, ,3911,6574.144531,408.7788859
776,01001020030000,2100,22ND,ST,Landmark, ,3911,6689.415039,327.2614282
777,01001040180000,2123,22ND,ST,Landmark, ,3911,7514.907227,402.5797746
778,01001310080000,3030,T,ST,Landmark,Richfield Gas Station,2002-032,6007.525391,302.8821499
779,01003620060000,2801,FRANKLIN,BLVD,Landmark,Gunther's Ice Cream,2018-0049,8077.544922,369.7048532
780,04100660070000,7041,CARNATION,AVE,Landmark,Marco Zarick House,2007-059,16438.78027,515.8930527
781,00301320060000,2112,E,ST,Landmark, ,3911,6313.526367,398.0812945
782,00301340030000,505,22ND,ST,Landmark, ,3911,3040.007813,230.2747825
783,00301710210000,621,18TH,ST,Landmark, ,3911,3183.545898,239.4300605
784,00301730040000,1904,F,ST,Landmark, ,3911,3259.688477,243.3735631
785,00301750120000,608,21ST,ST,Landmark, ,3911,4484.321289,301.0871433
786,00301820010000,715,21ST,ST,Landmark, ,3911,5265.603516,307.0320454
787,00301820130000,2115,H,ST,Landmark, ,3911,5573.398438,312.7680169
788,00301830230000,617,22ND,ST,Landmark, ,3911,3997.209961,301.1976276
789,00301920050000,2410,G,ST,Landmark, ,3911,6457.102539,400.8438072
790,00301920170000,2417,H,ST,Landmark, ,3911,6418.480469,401.9022138
791,00301920190000,2409,H,ST,Landmark, ,3911,6483.010742,402.7384398
792,00301920200000,2405,H,ST,Landmark, ,3911,3262.269531,241.5577757
793,00301960200000,2611,H,ST,Landmark, ,3911,6709.521484,405.2437699
794,00302020050000,2727,H,ST,Landmark, ,3911,3290.035156,244.2889553
795,00600120220000,914,2ND,ST,Landmark,"Hall, Luhrs & Co. Building",2010-039,8941.663086,420.3082222
796,00600350100000,801,I,ST,Landmark,US Postal Service Metro Station,82-046,74716.03027,1105.114194
797,00600940030000,700,J,ST,Landmark,Capital National Bank,82-046,14351.13477,578.1459395
798,00601010210000,1025,9TH,ST,Landmark,I.O.O.F. Temple,82-046,13169.53906,485.9081273
799,00601110180000,1230,J,ST,Landmark,Public Market,82-046,42666.0957,847.6936594
800,00601250010000,1700,J,ST,Landmark,R.H. Black package Grocery Company,82-046,12445.93262,476.7783555
801,00601740160000,1619,N,ST,Landmark,Thomas Jefferson Elementary School,82-046,51250.46387,962.7440061
802,00601750210000,1725,CAPITOL,AVE,Landmark, ,3911,6286.823242,317.1816112
803,00601750240000,1717,CAPITOL,AVE,Landmark, ,3911,3961.952148,281.2615068
804,00602220270000,1228,N,ST,Landmark, ,3911,12810.08398,477.8661085
805,00602230010000,1300,N,ST,Landmark,Westminster Presbyterian Church,82-046,24776.03418,629.6213077
806,00602350050000,1712,N,ST,Landmark, ,3911,6354.916992,398.60679
807,00200100660000,401,I,ST,Landmark,Southern Pacific Railroad Sacramento Depot,82-046,824585.8633,5695.232694
808,00200820040000,1220,C,ST,Landmark,White Company Trucks,82-046,28475.9873,675.9322864
809,00200860240000,317,14TH,ST,Landmark, ,3911,2241.142578,215.6778222
810,00200920190000,1503,D,ST,Landmark, ,3911,2939.192383,220.3990481
811,00201050020000,400,8TH,ST,Landmark, ,82-029,3088.741211,239.7552426
812,00201050030000,406,8TH,ST,Landmark, ,82-029,3331.946289,245.5193025
813,00201150040000,405,11TH,ST,Landmark, ,82-029,2261.412109,209.8856858
814,00201150070000,415,11TH,ST,Landmark, ,82-029,2403.999023,198.7212039
815,00201150110000,404,12TH,ST,Landmark, ,82-046,6721.461914,328.00292
816,00201160040000,1106,E,ST,Landmark, ,82-029,2795.836914,229.7912299
817,00201160500000,1107,F,ST,Landmark, ,82-029,5487.639648,405.9905741
818,00201230110000,424,14TH,ST,Landmark, ,3911,13364.39551,488.7131686
819,00201230180000,423,13TH,ST,Landmark, ,3911,3131.376953,236.7796703
820,00201250270000,425,14TH,ST,Landmark, ,3911,3927.518555,257.6485361
821,00201260100000,516,15TH,ST,Landmark, ,3911,3268.595703,243.4207781
822,00201320240000,519,15TH,ST,Landmark, ,3911,2948.939453,233.6153384
823,00201410060000,731,6TH,ST,Landmark,SMUD Station A,82-046,19235.54297,562.0631606
824,00201450260000,720,9TH,ST,Landmark,Sacramento County Courthouse,2018-0049,107253.8105,1310.852406
825,00201630060000,1308,F,ST,Landmark, ,3911,4935.207031,385.6683641
826,00201630230000,1307,G,ST,Landmark, ,3911,3997.901367,279.4201376
827,00201640090000,1329,H,ST,Landmark, ,3916,5143.397461,289.6405986
828,00201640160000,717,13TH,ST,Landmark, ,3911,4184.611328,264.6156122
829,00201650010000,613,14TH,ST,Landmark, ,3911,3946.914063,260.3296425
830,00201650100000,1428,F,ST,Landmark, ,3911,2954.03418,229.3596414
831,00201710170000,1511,G,ST,Landmark, ,3911,9038,431.0620084
832,00201750070000,1714,F,ST,Landmark, ,3911,4358.790039,380.2057898
833,00201760140000,1717,H,ST,Landmark, ,3911,6474.256836,403.7125778
834,00301220020000,509,18TH,ST,Landmark, ,3911,3301.095703,244.2398102
835,00301220220000,1801,F,ST,Landmark, ,3911,3385.382813,246.5613123
836,00301230100000,1915,E,ST,Landmark, ,3911,6282.569336,400.7824099
837,00301250080000,2022,D,ST,Landmark, ,3911,3267.635742,241.4525774
838,00602850070000,1314,Q,ST,Landmark, ,3911,6147.856445,397.0318962
839,00602850130000,1712,14TH,ST,Landmark, ,3911,3203.860352,240.1000472
840,00602920050000,1518,Q,ST,Landmark, ,3911,6526.808594,401.6197792
841,00602920060000,1522,Q,ST,Landmark, ,3911,5647.726563,396.1585151
842,00602950030000,1700,P,ST,Landmark, ,3911,3576.149414,250.4603756
843,00602950050000,1712,P,ST,Landmark, ,3911,7983.532227,418.9944588
844,00602950140000,1630,18TH,ST,Landmark, ,82-046,3950.730469,269.2063287
845,00700160160000,923,20TH,ST,Landmark,Louis Hageman-Clothing Cleaners,82-046,2287.996094,218.4935827
846,00700230220000,819,22ND,ST,Landmark, ,3911,3205.742188,242.0288018
847,00700310180000,2401,I,ST,Landmark, ,3911,2231.219727,190.9019948
848,00700320040000,2400,I,ST,Landmark, ,3911,1699.246094,200.953223
849,00700330200000,2505,I,ST,Landmark, ,3911,3187.62793,241.0415858
850,00700360180000,2630,I,ST,Landmark, ,3911,5015.100586,311.3572713
851,00700940100000,2230,K,ST,Landmark, ,3911,3568.883789,254.7510932
852,00700950040000,2308,J,ST,Landmark, ,3911,6500.253906,406.253092
853,00701020100000,2430,K,ST,Landmark, ,3911,3861.552734,259.8900649
854,00701020230000,2401,L,ST,Landmark, ,3911,3194.048828,242.0946079
855,00701050060000,2616,J,ST,Landmark, ,3911,6606.232422,409.2520468
856,00602820200000,1200,Q,ST,Landmark,Morgan Jones Mortuary,2019-0053,3880.032227,253.018804
857,00600340200000,730,I,ST,Landmark,The Bank of America Building,2019-0018,37269.06641,815.0060023
858,01201130160000,1121,SWANSTON,DR,Landmark,Welch House,2020-0011,7303.610352,387.8972328
1176,03503140020000,1860,60TH,AVE,Landmark,James Dodd Residence,2021-0010,7467.330078,357.6029942
1177,01602920020000,5441,PLEASANT,DR,Landmark,Nathaniel Colley Residence,2021-0009,9742.685547,421.1038997
1178,00601940010000,1515,4TH,ST,Landmark,NISEI VFW Post 8985,2021-0013,8754.364258,380.11724
1496,00200100750000,105,BERCUT,DR,Landmark,"Car Shop 3 including  Air Room, Rotating Equipment Shop, Injection Shop & Materials Lift ",2007-103,4785196.244,14761.34751
1497,00200100670000,105,BERCUT,DR,Landmark,Locomotive Truck/Fabrication Shop,2007-103,154550.5732,1842.151193
1816,01302310220000,2681,MONTGOMERY WAY,WAY,Landmark,Chinn/Hveem House,2021-0029,4908.5625,296.1531052
1817,01302310170000,2751,MONTGOMERY WAY,WAY,Landmark,Montgomery Landmarks,2022-0003,7754.582031,354.4587461
1818,00801410120000,1121,40TH,ST,Landmark,,2022-0004,6921.035156,382.072844
1819,01302320120000,2770,MONTGOMERY WAY,WAY,Landmark,Montgomery Landmarks,2022-0003,10157.56934,403.1602047
1820,01302320050000,2666,MONTGOMERY WAY,WAY,Landmark,Montgomery Landmarks,2022-0003,6722.061523,336.4845106
1821,00301510220000,2701,E,ST,Landmark,,2022-0010,3304.889648,245.2892486
1822,01302310210000,2701,MONTGOMERY WAY,WAY,Landmark,Montgomery Landmarks,2022-0003,4947.268555,297.0245766
1823,01302320090000,2730,MONTGOMERY WAY,WAY,Landmark,Montgomery Landmarks,2022-0003,7754.34082,356.1443904
2136,01201130200000,2911,RIVERSIDE,BLVD,Landmark,Starks-Saucerman House,2022-0013,7710.75,387.837886
2137,01303730050000,2722,COLEMAN,WAY,Landmark,,2022-0022,7357.458984,353.7197496
2138,01201510350000,420,4TH,AVE,Landmark,C.G Hidden Farmhouse,2022-0021,29183.4834,693.9356163
2139,01000220250000,1810,S,ST,Landmark,Colley Law Offices,2020-0037,13181.06641,488.4422583
2140,00201650160000,1425,G,ST,Landmark,Leinberg Residence,2020-0049,3391.974609,249.7533543
2141,00301140260000,3135,D,ST,Landmark,Guisto Family Resdence,2020-0036,6355.992188,401.4190531
2456,00802720100000,1301,45TH,ST,Landmark,,2023-0009,16370.53125,503.8417963
2457,00900430010000,1800,3RD,ST,Landmark,,82-046,52468.99414,974.4290749
2458,01700100010000,3930,WEST LAND PARK,DR,Landmark,Zoo Entrance Structures,2023-0004,10175855.69,16165.80888
2460,00801940120000,1308,38TH,ST,Landmark,Miller House,2019-0017,10196.35156,432.5890336
2461,00801330120000,1109,38TH,ST,Landmark,Boitano House,2019-0017,7861.955078,412.5112547
2462,00802530260000,1315,38TH,ST,Landmark,Lubin/Riley House,2019-0017,11466.24902,462.8147124
2463,00801330280000,1081,38TH,ST,Landmark,1031 Maple Avenue,2019-0017,18592.85352,549.8223826
2464,00802110140000,1230,45TH,ST,Landmark,,2023-0019,22333.13672,585.4923189
2465,2.7501E+13,670,DIXIEANNE,AVE,Landmark,North Sacramento School,2024-0001,76182.77832,1153.718317
2776,00801510110000,1049,44TH,ST,Landmark,,2024-0023,6674.709961,364.6365657
2777,00702460050000,2025,P,ST,Landmark,,2024-0022,6394.53125,402.2674492
3096,00801520080000,1100,46TH,ST,Landmark,,2024-0046,10673.61816,445.1458959
3097,00802720190000,1341,45TH,ST,Landmark,,2024-0046,21674.28809,590.1651553
3098,2.7501E+13,670,DIXIEANNE,AVE,Landmark,North Sacramento School,2024-0001,17391.08984,527.975653
3099,2.7501E+13,670,DIXIEANNE,AVE,Landmark,North Sacramento School,2024-0001,10964.0625,436.0815208
3416,01000940250000,2116,21ST,ST,Landmark,Coronet Portraits Sign/J.C. Coffing house,3911,5499.611328,303.3203082
3417,00301850200000,621,23RD,ST,Landmark,,3911,3420.952148,251.0491923
3418,00301850270000,627,23RD,ST,Landmark,,3911,3443.692383,246.8231439
3419,00801340160000,1112,40TH,ST,Landmark,,2025-0013,7101.910156,386.3873805
3420,,,SAN FRANCISCO,BLVD,Landmark,San Francisco Boulevard,2025-0012,183483.0664,3880.79687
3421,03500340160000,5850,FREEPORT,BLVD,Landmark,LAND PARK BOWL,2025-0018,110688.4072,1368.518303
3422,01003550140000,2685,26TH,ST,Landmark,Lewis Nelson Crawford House,2025-0026,4874.146484,279.4059163
3423,01003810190000,3555,3RD,AVE,Landmark,Negro Women's Civic Improvements Club,2025-0026,12149.93945,463.9525748
3424,01003850120000,3639,4TH,AVE,Landmark,Oak Park School of Afro-American Thought,2025-0026,6348.581055,392.4473395
3425,01401630570000,4322,4TH,AVE,Landmark,Dunlap's Dining Room,2025-0026,10447.2334,482.8701015
3426,02000430080000,3948,33RD,ST,Landmark,Harrison Crump Residence,2025-0026,4191.204102,320.3325261
3427,02201030240000,4991,WARWICK,AVE,Landmark,Anthony Francis Residence,2025-0026,7427.71582,384.7727939
3428,01401910460000,4200,BROADWAY, ,Landmark,Morgan-Jones Funeral Home,2025-0026,12856.81738,447.8709848
3429,02402970020000,6390,S LAND PARK,DR,Landmark,Leon Residence,2025-0026,10298.16797,414.0549852
3430,00901310150000,2014,10TH,ST,Landmark,Dr. Arthur R. Trent's Dentist Office,2025-0026,4898.833008,327.8007911
3431,01800310030000,4214-4216,LOTUS,AVE,Landmark,The Canson House,2025-0026,12854.37988,475.5439008
3736,01002160080000,2404,21ST,ST,Landmark,Canson Law Office and NAACP Credit Union,2025-0026,3306.185547,241.9578583
3737,01002410290000,2710,X,ST,Landmark,Crossraods Building,2025-0026,6600.517578,406.4501975
